personnel_id,service_years,deployment_days,working_hours_week,night_shifts,consecutive_duty_days,leave_days,transfers_last_year,training_hours,workload_score,sleep_score,wellness_stress,mood_score,social_support,stress_risk,risk_week_1,risk_week_2,risk_week_3,risk_week_4,risk_week_5
P0001,3,36,51,6,7,13,3,17,61,63,55,60,63,0,32,24,31,34,29
P0002,20,65,43,9,1,11,1,6,48,47,47,63,77,1,35,41,32,18,18
P0003,17,0,51,10,8,5,0,10,50,71,72,72,77,0,32,39,35,30,39
P0004,11,2,43,10,6,1,2,10,69,84,73,65,56,1,35,32,40,28,42
P0005,11,16,40,6,8,9,0,8,79,73,59,86,45,1,37,38,40,48,47
P0006,22,73,52,12,6,0,2,0,65,20,75,69,57,1,27,36,44,49,56
P0007,3,45,51,7,5,11,1,7,90,81,48,74,78,1,34,33,33,26,27
P0008,18,56,55,9,4,6,2,22,45,82,62,46,82,0,35,26,16,9,0
P0009,6,11,70,7,6,14,1,9,25,63,68,83,73,0,24,29,29,22,29
P0010,3,11,52,7,4,0,0,11,71,83,68,59,87,0,40,36,50,44,45
P0011,14,49,54,3,7,11,0,13,44,77,66,51,96,0,31,33,32,28,31
P0012,25,39,40,9,1,7,1,28,53,58,61,94,59,0,28,31,32,20,29
P0013,19,51,38,17,4,6,0,12,26,87,87,79,92,1,36,37,43,52,61
P0014,20,33,64,5,10,2,1,20,42,49,37,84,63,1,36,27,43,33,45
P0015,18,45,42,6,3,9,2,8,31,67,45,75,84,0,36,32,34,36,29
P0016,20,42,41,4,4,10,0,10,50,66,44,67,79,0,40,43,33,27,25
P0017,13,57,50,4,3,14,1,12,51,56,41,64,33,0,41,34,23,21,5
P0018,4,57,49,12,6,11,0,7,60,73,8,80,51,1,51,49,51,55,55
P0019,21,0,42,3,3,5,3,11,80,88,75,86,46,0,44,41,39,43,45
P0020,12,0,47,4,5,3,2,18,70,87,27,67,37,0,28,25,18,10,7
P0021,13,62,61,0,7,2,2,6,29,79,51,100,82,0,26,25,31,36,33
P0022,10,67,43,3,3,13,0,12,69,43,20,65,100,0,30,29,33,33,32
P0023,5,14,37,0,7,4,1,17,60,48,60,46,63,0,37,37,27,39,26
P0024,24,0,58,9,7,13,0,6,56,70,32,40,82,0,29,33,23,23,22
P0025,20,40,54,17,8,9,0,20,58,67,25,41,92,1,35,33,42,37,39
P0026,17,60,44,5,5,8,1,13,62,61,52,61,71,1,26,35,31,28,26
P0027,11,81,36,0,13,6,0,11,46,97,34,64,67,1,42,29,30,29,19
P0028,21,50,43,10,8,10,0,0,55,70,37,79,63,1,33,16,37,28,22
P0029,14,29,50,3,6,7,0,9,79,76,51,68,76,1,34,37,31,38,30
P0030,12,17,60,11,3,6,1,15,45,83,64,81,82,0,27,35,36,40,48
P0031,12,38,41,5,5,10,0,24,39,69,32,69,75,0,36,44,36,38,39
P0032,6,31,49,3,9,6,1,16,57,100,28,68,74,0,35,37,32,25,34
P0033,3,14,56,5,9,4,0,20,38,54,48,59,66,0,27,29,37,26,23
P0034,14,87,30,9,9,9,2,4,27,59,59,91,40,0,33,38,43,48,58
P0035,23,81,59,5,7,7,2,11,52,54,77,43,82,1,36,30,27,41,36
P0036,2,65,39,4,2,9,2,21,84,91,27,73,45,1,42,42,48,52,48
P0037,22,16,53,5,6,5,1,6,57,80,42,65,78,0,41,42,48,53,49
P0038,21,59,52,1,2,2,2,19,61,60,72,81,80,1,40,28,38,39,30
P0039,7,53,60,8,1,14,0,17,20,55,87,68,48,0,29,26,30,30,31
P0040,16,49,55,0,6,13,2,14,66,89,28,68,57,0,33,28,23,19,24
P0041,5,68,30,4,6,11,0,10,60,73,33,64,100,0,27,17,19,10,10
P0042,19,53,43,9,7,5,1,5,46,89,56,90,66,1,31,29,41,32,43
P0043,18,56,51,7,6,6,1,24,61,67,36,68,46,0,42,41,44,41,43
P0044,9,53,48,8,6,13,0,16,61,76,33,100,81,0,39,38,39,34,43
P0045,2,46,54,6,3,6,1,14,39,73,53,72,54,0,37,43,46,53,58
P0046,25,0,57,11,5,4,2,9,64,59,79,68,34,1,38,25,33,29,23
P0047,12,40,55,10,1,14,1,12,80,66,22,66,76,0,31,29,16,6,3
P0048,23,25,48,8,1,7,1,13,54,50,78,77,51,1,29,24,24,26,22
P0049,17,7,33,10,7,14,2,15,42,75,37,59,72,0,32,24,22,13,8
P0050,20,78,46,9,3,1,1,17,55,79,55,70,53,1,32,27,32,35,35
P0051,19,79,54,4,7,9,1,7,73,83,80,68,79,1,34,40,34,24,30
P0052,5,71,40,1,8,15,1,2,36,78,55,73,70,0,36,44,50,55,61
P0053,10,44,56,8,3,7,0,13,68,66,42,74,23,1,42,41,49,51,47
P0054,12,70,58,8,6,6,3,0,46,91,62,74,73,0,37,31,23,29,27
P0055,13,38,51,10,3,2,0,10,62,81,45,70,62,0,24,23,16,11,13
P0056,2,43,30,2,1,11,1,8,48,89,58,93,91,0,36,37,41,47,49
P0057,14,12,38,2,5,4,0,15,48,90,44,75,74,1,24,34,33,42,49
P0058,4,48,67,8,4,7,2,26,85,66,65,100,80,1,37,27,19,5,0
P0059,19,39,45,6,4,2,0,0,33,74,20,69,55,0,45,40,42,45,44
P0060,18,7,32,0,10,13,1,28,67,80,28,83,54,0,39,30,22,5,6
P0061,24,37,61,8,1,12,0,10,89,51,20,56,67,0,24,24,23,23,17
P0062,19,36,50,0,6,7,0,14,70,51,47,90,61,0,32,25,40,49,41
P0063,10,81,60,2,3,2,0,2,34,49,17,57,90,0,32,47,61,75,90
P0064,25,59,52,11,7,13,0,19,35,66,34,75,64,0,37,31,35,28,26
P0065,11,38,54,13,6,6,1,12,44,63,26,64,46,0,26,23,22,12,10
P0066,9,44,53,1,6,3,1,12,61,46,78,75,53,1,46,35,31,37,34
P0067,23,39,56,5,3,0,1,0,62,70,28,64,83,0,22,25,27,24,29
P0068,10,33,70,6,3,4,1,13,35,67,22,55,64,0,38,29,28,28,29
P0069,2,12,59,13,7,1,2,18,42,86,53,64,63,0,28,31,19,18,15
P0070,12,34,36,4,9,5,1,10,43,98,82,93,85,0,38,31,26,32,30
P0071,20,20,54,4,6,10,2,20,55,75,46,75,51,0,36,46,34,34,38
P0072,5,8,60,12,3,5,1,20,94,58,47,47,29,1,48,42,42,43,38
P0073,12,50,61,5,6,8,0,8,41,78,74,86,53,1,41,36,30,25,24
P0074,4,47,46,9,11,4,1,23,40,68,66,54,71,1,30,31,27,25,16
P0075,18,0,60,0,5,7,0,12,38,64,57,80,63,0,47,35,31,30,31
P0076,12,35,58,5,9,15,0,12,69,55,36,77,40,1,49,47,46,37,21
P0077,9,62,73,0,3,6,1,13,57,61,57,78,84,0,35,38,27,28,27
P0078,6,63,43,2,5,9,2,12,42,65,21,98,70,1,36,31,36,49,48
P0079,15,63,45,9,7,1,2,0,51,80,36,55,74,0,34,34,26,32,24
P0080,17,39,47,6,6,13,2,11,44,76,77,78,74,1,36,29,20,10,1
P0081,24,18,46,5,3,5,0,2,63,95,74,88,45,0,39,42,48,55,52
P0082,11,12,42,3,3,11,1,23,100,78,57,58,72,0,34,39,36,36,39
P0083,5,46,30,5,7,7,1,23,68,74,9,56,82,0,38,36,27,19,14
P0084,21,47,46,7,8,9,1,18,56,63,24,63,86,0,39,44,39,41,32
P0085,16,69,53,10,9,10,1,10,46,52,34,73,79,1,45,31,29,23,24
P0086,18,64,46,0,10,5,0,5,34,59,45,45,76,0,37,27,41,32,41
P0087,3,35,67,3,5,11,0,7,71,58,23,77,37,0,48,47,31,41,40
P0088,8,8,50,7,4,4,1,26,70,30,43,45,67,0,43,48,42,39,38
P0089,20,30,62,6,8,10,1,7,50,53,83,89,51,1,39,30,39,45,36
P0090,21,43,52,8,7,5,1,0,80,92,56,76,89,0,40,39,37,20,21
P0091,11,33,57,7,3,8,0,19,58,74,52,99,86,0,31,37,37,49,57
P0092,21,24,53,5,2,5,2,23,72,62,28,79,51,0,29,33,41,47,50
P0093,22,44,62,4,6,7,0,24,63,74,15,63,66,0,39,32,21,29,27
P0094,10,26,51,5,5,3,0,19,55,39,23,55,71,1,34,34,24,28,33
P0095,23,23,54,11,5,8,1,20,41,72,14,72,82,0,41,50,55,53,60
P0096,8,45,53,3,8,7,0,12,55,87,50,68,39,1,33,25,33,36,27
P0097,6,28,47,6,7,5,2,0,73,66,56,87,29,1,38,51,55,57,63
P0098,18,44,54,7,8,7,0,12,49,41,29,53,68,0,36,46,58,75,78
P0099,16,45,70,12,1,8,1,16,66,62,51,100,24,1,43,45,42,43,37
P0100,4,11,48,5,6,5,0,11,39,87,77,88,70,0,26,24,27,30,25
P0101,21,26,54,10,7,6,0,11,72,72,87,65,77,1,36,33,30,22,25
P0102,5,73,61,11,1,3,2,5,64,47,63,97,88,1,37,29,23,7,0
P0103,21,10,60,6,3,16,0,5,36,100,45,55,56,0,37,45,46,44,57
P0104,1,0,50,5,3,11,1,25,54,49,63,71,70,0,28,38,35,25,28
P0105,20,0,30,5,5,8,1,25,75,64,75,48,78,1,38,36,38,47,50
P0106,20,39,55,5,9,12,2,12,35,52,8,98,47,0,32,34,39,38,46
P0107,20,39,30,9,10,0,0,14,39,52,78,42,83,1,48,37,42,29,29
P0108,17,35,63,7,3,0,1,5,57,61,37,45,72,1,37,29,35,27,29
P0109,12,67,52,7,6,5,0,16,96,78,37,58,57,1,50,44,48,65,72
P0110,18,0,59,1,6,1,0,24,46,87,41,89,69,0,27,32,29,29,38
P0111,7,48,42,2,6,6,1,1,67,62,54,83,65,1,34,35,27,18,20
P0112,20,75,36,15,6,8,1,15,63,53,26,70,80,0,40,43,33,32,21
P0113,14,11,52,5,6,11,1,16,47,75,42,84,61,0,40,30,32,28,26
P0114,12,29,50,3,9,2,1,16,61,76,59,66,71,1,42,47,58,64,62
P0115,13,20,46,12,8,9,1,23,50,72,52,75,56,0,30,34,28,35,41
P0116,15,17,51,7,2,7,0,26,52,72,56,94,51,0,45,47,43,45,49
P0117,1,30,75,8,7,8,1,10,28,66,42,64,70,0,35,45,45,65,68
P0118,4,72,58,5,7,5,0,17,58,69,62,56,52,1,33,43,50,48,56
P0119,7,82,59,5,6,13,1,13,74,65,69,76,81,0,36,38,42,37,40
P0120,3,30,58,5,8,7,0,8,59,84,68,80,77,1,44,50,76,72,92
P0121,11,84,63,0,5,14,0,14,78,100,57,70,54,1,30,27,31,26,22
P0122,17,39,48,6,6,4,0,17,68,71,67,84,71,0,43,47,54,67,67
P0123,17,80,32,7,5,10,1,14,57,68,65,65,54,0,44,35,36,30,33
P0124,12,36,48,13,1,7,1,6,47,72,100,70,40,1,26,33,39,39,45
P0125,22,41,57,6,5,6,0,9,49,58,72,74,57,1,26,33,29,24,22
P0126,15,47,41,0,3,10,2,9,32,79,46,73,66,0,28,42,43,45,43
P0127,2,114,48,6,2,6,0,6,53,75,30,94,76,0,40,52,46,65,75
P0128,20,58,44,17,9,0,0,14,61,62,43,74,70,0,37,43,46,46,49
P0129,15,21,64,9,6,0,0,15,89,82,41,63,82,1,40,37,41,42,50
P0130,16,61,57,3,5,12,1,19,68,68,58,76,50,0,29,24,30,28,16
P0131,15,29,56,8,4,12,0,6,42,53,34,84,61,0,41,38,38,39,43
P0132,14,26,56,3,6,15,0,8,32,73,72,80,95,1,35,34,25,25,22
P0133,3,60,50,1,7,7,0,23,54,72,20,80,34,0,36,37,43,53,55
P0134,14,39,52,5,3,2,2,11,73,82,15,44,59,0,48,45,54,55,59
P0135,20,45,39,6,5,5,1,12,54,80,45,28,49,0,40,35,36,33,36
P0136,8,38,30,0,7,7,1,11,68,66,31,88,64,0,45,45,46,56,59
P0137,16,46,51,1,1,3,1,20,55,61,23,75,60,0,42,57,60,64,73
P0138,1,48,53,6,5,14,0,20,71,68,35,68,77,0,37,31,36,31,44
P0139,9,0,61,4,4,16,1,20,29,73,33,79,71,0,36,38,38,42,45
P0140,11,54,64,8,5,9,0,12,87,75,48,99,45,1,33,31,31,27,33
P0141,25,14,64,1,4,7,2,6,38,73,36,91,57,1,33,32,30,31,32
P0142,6,3,41,9,5,2,2,25,72,67,37,83,67,0,22,17,14,12,5
P0143,7,37,47,1,10,13,2,18,53,83,48,54,80,0,45,34,37,34,33
P0144,11,40,54,13,4,7,0,9,56,58,68,56,100,0,28,29,27,22,21
P0145,25,21,73,0,6,6,0,22,54,100,77,30,79,1,50,39,38,22,11
P0146,22,58,63,2,10,9,1,8,63,79,51,78,50,1,38,43,42,45,40
P0147,1,6,60,8,4,5,0,22,66,51,53,86,65,0,34,35,38,41,51
P0148,6,28,47,13,10,8,1,22,77,71,44,87,70,1,38,35,32,41,35
P0149,21,24,42,7,5,1,0,6,83,80,58,79,58,1,44,24,19,7,6
P0150,2,37,57,8,9,11,0,16,64,63,56,66,75,1,49,43,38,36,39
P0151,22,45,40,6,7,7,0,17,89,46,75,59,28,1,31,33,27,20,9
P0152,8,14,48,2,6,12,1,30,60,52,10,55,76,0,22,33,20,24,25
P0153,23,55,49,4,5,6,0,7,77,76,43,65,59,1,43,41,52,62,53
P0154,8,40,64,1,3,6,0,22,66,42,55,52,65,0,34,16,16,3,0
P0155,11,0,47,1,5,2,0,12,48,46,47,96,92,0,27,23,18,14,14
P0156,17,0,30,8,7,10,0,3,61,76,29,47,46,0,41,35,47,48,51
P0157,4,38,55,2,5,3,0,11,67,65,22,65,72,0,41,37,27,30,30
P0158,14,33,44,7,4,5,1,12,57,58,64,37,80,0,27,32,25,24,21
P0159,13,36,50,1,4,7,0,5,65,61,33,73,70,0,37,39,49,61,71
P0160,20,37,49,7,7,7,1,14,74,46,13,68,40,1,40,36,39,37,38
P0161,25,43,48,4,8,0,0,19,58,75,65,62,90,1,41,39,43,50,49
P0162,17,61,57,12,3,6,0,14,5,56,57,53,63,0,36,48,53,39,48
P0163,11,11,36,7,3,10,0,8,88,60,46,68,58,0,33,35,29,39,32
P0164,11,10,45,11,6,5,0,11,53,73,30,59,62,1,33,33,45,47,48
P0165,11,12,56,3,9,6,1,12,43,64,46,66,61,0,34,30,46,41,62
P0166,21,45,44,6,8,8,2,14,38,57,72,99,47,1,33,35,28,24,20
P0167,9,68,36,2,2,6,0,20,52,38,16,71,70,0,31,35,29,29,33
P0168,5,28,56,4,4,3,0,14,48,74,17,77,57,0,33,34,44,33,40
P0169,9,0,60,5,3,7,0,2,45,69,35,61,78,0,40,34,44,28,31
P0170,1,0,50,3,4,11,1,8,46,60,47,55,76,0,34,32,38,40,51
P0171,3,18,32,1,9,3,1,13,68,52,38,68,95,1,34,42,38,34,41
P0172,3,25,56,0,1,6,2,20,95,68,61,100,63,1,44,42,55,62,80
P0173,20,28,35,0,1,1,2,21,73,75,70,63,53,0,35,40,35,50,44
P0174,19,39,53,2,3,11,0,24,78,69,54,74,42,0,29,34,43,48,54
P0175,18,31,42,9,6,7,0,13,51,93,59,55,100,1,30,30,26,29,11
P0176,12,63,40,0,7,4,0,17,60,79,53,24,78,0,46,36,27,31,30
P0177,18,22,46,1,6,7,1,2,66,66,48,55,55,0,45,39,37,35,23
P0178,5,17,48,13,8,2,1,15,46,79,22,100,96,0,36,36,45,46,50
P0179,23,49,44,3,1,3,0,4,50,69,27,78,90,0,27,30,20,18,10
P0180,13,1,55,7,8,1,1,12,73,69,21,94,44,0,43,40,29,27,25
P0181,24,47,46,9,4,3,2,33,78,87,45,62,54,1,36,19,20,16,11
P0182,4,40,59,9,7,12,1,14,59,55,53,30,65,1,37,51,66,70,91
P0183,13,34,53,0,2,4,1,6,36,68,19,50,49,0,33,31,33,32,30
P0184,18,76,44,5,5,9,0,15,53,86,49,74,65,1,39,46,51,51,55
P0185,13,23,42,0,6,4,3,8,32,73,30,72,79,0,38,42,28,26,23
P0186,12,87,35,16,8,10,1,5,59,62,27,68,44,1,28,34,39,42,51
P0187,5,33,53,0,1,3,2,27,63,42,35,60,72,0,34,30,22,10,6
P0188,10,7,47,2,5,7,0,19,53,34,26,83,87,0,28,27,16,22,18
P0189,6,40,30,2,2,7,0,14,62,99,60,60,74,0,35,30,28,23,17
P0190,8,12,45,0,6,16,0,9,66,73,45,73,66,1,36,42,43,43,33
P0191,18,20,42,11,7,10,0,10,63,59,64,71,56,0,32,31,27,23,22
P0192,16,48,64,16,8,5,0,23,36,73,39,62,81,0,33,38,50,59,54
P0193,16,51,35,4,4,10,1,14,53,54,40,54,47,0,39,38,43,36,52
P0194,10,23,37,1,7,16,0,0,65,63,85,61,71,0,36,36,34,35,29
P0195,24,62,60,0,8,0,1,29,86,54,16,98,67,0,38,40,40,44,49
P0196,3,66,62,5,1,4,0,13,53,47,74,86,86,0,34,39,32,32,40
P0197,9,72,43,5,7,6,2,14,68,36,81,84,57,0,31,30,30,22,20
P0198,3,51,44,3,7,5,0,20,74,44,63,55,59,0,36,41,54,48,56
P0199,9,71,56,7,4,6,0,15,54,83,41,45,46,0,39,25,15,8,0
P0200,25,0,30,8,2,2,3,17,79,53,77,86,74,1,35,40,41,46,52
P0201,10,30,33,7,7,13,0,9,80,76,42,82,60,1,37,36,29,27,29
P0202,23,17,47,5,2,1,0,3,83,82,34,70,52,0,30,32,30,28,20
P0203,13,41,64,2,5,6,2,14,66,68,40,62,54,0,33,41,55,62,72
P0204,18,24,46,9,5,11,1,22,100,64,37,45,76,1,40,39,41,40,32
P0205,12,34,51,6,7,7,1,7,47,70,29,82,48,0,49,49,60,53,55
P0206,7,83,60,10,3,3,1,7,96,62,70,87,50,1,41,41,38,46,43
P0207,20,34,69,9,3,2,1,21,72,86,33,57,82,0,44,42,49,48,43
P0208,25,48,45,0,5,6,0,9,82,96,47,56,64,0,36,46,40,42,39
P0209,7,32,50,0,8,4,3,9,52,90,19,88,83,0,29,32,30,29,27
P0210,20,40,66,3,11,8,1,9,73,36,49,58,61,1,31,36,38,45,52
P0211,7,38,36,2,1,1,1,12,84,61,25,96,67,0,39,37,44,43,50
P0212,18,49,59,9,6,10,1,1,38,68,24,66,70,0,43,44,46,36,33
P0213,20,66,41,7,2,7,0,8,55,75,46,62,91,0,38,29,24,16,19
P0214,12,78,51,10,8,8,0,14,19,42,69,69,89,0,32,34,27,33,21
P0215,19,45,48,8,3,13,0,14,55,42,57,62,87,1,38,36,44,45,51
P0216,7,52,41,7,3,5,0,20,43,88,58,86,56,0,32,48,43,50,56
P0217,2,10,41,11,4,4,0,25,54,60,45,82,50,0,34,39,38,42,38
P0218,3,36,52,8,5,5,1,23,100,46,41,85,80,1,41,32,24,20,9
P0219,12,61,59,6,6,6,0,18,89,51,64,71,90,1,35,42,42,51,48
P0220,23,59,49,12,6,7,4,11,32,74,37,61,87,1,37,39,31,54,49
P0221,4,43,51,6,5,4,2,8,68,56,65,68,67,1,33,27,30,29,32
P0222,12,59,55,5,2,0,4,12,72,72,73,61,79,0,42,61,58,68,82
P0223,18,50,41,3,7,5,0,16,52,53,31,91,80,0,40,31,25,30,17
P0224,6,67,57,9,5,8,2,18,61,42,34,84,70,1,54,45,50,62,58
P0225,19,45,57,11,8,8,3,16,63,89,37,67,70,1,41,35,34,31,23
P0226,8,29,73,6,3,12,1,11,34,74,19,53,69,0,40,39,43,54,51
P0227,21,46,47,11,1,15,1,18,39,63,39,93,54,0,29,43,45,47,50
P0228,15,0,46,0,5,10,1,21,61,60,74,70,55,0,37,36,53,51,64
P0229,14,47,57,6,8,13,0,18,60,90,27,66,55,0,39,37,40,43,37
P0230,5,0,57,6,5,10,2,12,45,77,75,93,40,0,27,31,27,33,31
P0231,12,0,45,3,5,14,1,6,44,85,39,60,69,0,26,33,26,27,26
P0232,22,49,46,16,3,14,0,6,56,59,90,63,66,0,36,36,31,31,32
P0233,1,49,55,6,9,11,0,7,74,69,34,64,80,1,41,47,32,43,23
P0234,19,10,43,4,2,10,2,14,57,74,45,47,88,0,32,35,46,45,49
P0235,13,21,46,6,3,6,2,16,87,60,30,73,90,0,30,33,41,47,52
P0236,18,71,51,0,6,7,1,2,45,67,34,56,91,0,39,36,24,22,16
P0237,17,26,59,3,1,6,0,8,61,59,75,59,54,0,31,26,24,34,33
P0238,11,92,45,10,8,9,0,14,52,74,57,57,43,0,38,30,36,40,41
P0239,8,38,33,3,7,4,1,6,69,48,69,59,83,1,44,42,32,37,29
P0240,16,48,33,3,7,6,0,15,44,77,22,55,90,0,38,39,39,47,48
P0241,4,77,39,11,6,0,2,10,93,73,61,72,93,0,31,42,35,48,56
P0242,15,41,38,11,5,14,0,7,28,65,29,66,75,0,44,39,44,51,53
P0243,3,14,49,8,2,6,0,12,89,75,21,69,33,1,43,51,50,62,66
P0244,17,35,39,4,5,9,0,15,60,63,53,100,73,0,37,35,29,26,22
P0245,16,37,44,5,3,13,2,6,68,58,53,66,76,0,35,35,34,30,31
P0246,3,5,43,3,6,8,1,10,82,76,49,78,88,1,41,37,33,26,27
P0247,19,32,46,2,7,13,0,15,73,77,62,79,91,1,27,37,43,34,41
P0248,11,20,62,2,9,2,0,7,45,60,65,67,82,1,29,26,29,31,37
P0249,20,60,56,4,6,17,1,0,69,59,77,72,57,0,46,41,43,48,58
P0250,2,39,50,2,7,11,1,1,92,65,24,68,50,0,39,44,41,58,58
P0251,5,31,46,0,4,8,1,9,42,60,78,71,76,0,24,25,27,31,34
P0252,13,35,46,7,4,13,0,3,96,91,86,59,54,1,37,30,27,34,24
P0253,5,43,53,7,6,2,2,10,65,73,41,60,92,1,47,41,38,24,24
P0254,9,53,55,13,4,6,1,24,50,68,15,68,38,0,27,33,31,32,29
P0255,17,14,42,3,6,13,2,2,42,54,20,36,77,0,39,44,50,52,58
P0256,4,13,50,7,2,0,1,10,54,79,39,92,72,0,30,36,40,37,45
P0257,17,65,32,7,3,9,0,27,23,59,88,100,63,1,42,41,28,30,14
P0258,3,28,52,5,7,9,2,15,51,58,48,71,51,0,38,52,55,63,74
P0259,5,4,57,9,7,15,2,9,53,80,36,79,32,0,38,33,40,41,40
P0260,15,49,47,9,3,1,0,11,39,74,34,85,58,0,34,27,37,30,40
P0261,20,49,66,7,7,13,0,15,71,30,22,47,58,0,45,47,40,37,25
P0262,5,1,42,5,4,5,0,24,54,66,65,83,86,0,22,27,34,25,33
P0263,8,44,52,5,5,5,0,8,47,70,46,61,54,0,30,32,43,44,43
P0264,24,56,50,1,9,2,0,7,52,63,90,100,75,0,40,36,44,49,40
P0265,25,47,49,3,7,3,0,2,64,70,61,65,45,0,34,39,32,28,25
P0266,15,53,49,4,7,9,0,13,59,41,65,83,75,0,41,45,43,37,46
P0267,12,4,51,2,10,3,0,2,45,26,43,65,29,0,29,25,28,22,18
P0268,9,46,58,8,3,10,2,9,60,53,26,100,100,1,37,33,42,52,54
P0269,16,31,62,11,3,4,1,6,57,72,31,60,65,0,42,35,43,45,44
P0270,15,26,50,2,3,2,0,20,37,20,21,87,19,0,42,37,30,32,22
P0271,8,59,57,7,4,5,1,8,53,55,66,78,55,0,36,26,14,7,14
P0272,1,74,44,2,1,8,0,15,68,39,40,74,52,1,45,35,43,46,46
P0273,4,81,57,5,4,6,0,1,68,64,67,72,56,1,48,39,31,39,30
P0274,24,70,43,3,4,7,1,13,54,97,51,57,61,0,27,24,21,24,22
P0275,11,35,60,8,7,10,0,4,70,65,42,27,56,0,29,32,29,20,15
P0276,13,46,70,3,6,11,0,9,40,66,25,85,53,0,44,33,32,27,22
P0277,12,56,49,10,3,6,0,27,41,81,54,60,47,0,32,33,36,43,33
P0278,20,41,30,5,6,3,1,19,53,68,44,87,81,0,27,33,17,29,29
P0279,2,41,45,3,7,7,2,11,85,65,66,74,87,1,33,48,59,66,72
P0280,3,58,61,1,3,9,1,34,61,82,34,87,63,0,32,33,40,41,45
P0281,7,37,55,7,4,1,0,6,53,75,60,81,67,1,33,39,34,27,18
P0282,13,20,52,10,1,3,0,20,86,72,81,29,48,1,33,35,28,20,9
P0283,17,28,59,7,2,4,1,1,53,66,53,78,68,1,31,40,36,31,40
P0284,13,53,54,15,3,6,1,10,98,63,64,63,71,1,37,43,37,39,35
P0285,12,38,61,12,5,4,0,3,49,82,59,87,63,1,38,38,40,54,56
P0286,24,46,58,5,3,10,1,14,40,63,86,77,74,0,37,31,36,44,38
P0287,5,54,64,5,4,1,0,12,55,86,55,78,72,0,38,29,22,16,5
P0288,15,29,53,8,2,1,3,10,54,52,62,64,49,1,50,45,41,35,33
P0289,14,56,58,3,5,6,0,20,43,90,47,53,87,1,33,32,32,27,28
P0290,12,47,47,11,6,6,0,8,100,75,33,61,63,1,40,26,34,46,44
P0291,21,8,45,7,6,1,1,14,64,53,24,39,95,1,34,31,17,23,13
P0292,7,73,65,7,5,5,0,18,66,76,73,59,74,1,32,31,33,41,31
P0293,24,26,52,9,1,5,0,2,50,58,28,45,100,0,26,30,18,14,5
P0294,9,0,57,13,3,5,2,7,48,69,63,45,87,0,39,44,38,35,39
P0295,14,13,51,7,4,8,0,12,76,61,56,70,71,0,34,40,37,42,48
P0296,14,13,45,6,4,4,1,16,28,66,66,77,55,0,38,44,53,51,57
P0297,22,39,50,12,5,13,0,22,37,82,38,67,55,0,33,34,31,30,38
P0298,11,31,63,10,9,9,0,10,54,76,32,60,76,1,29,33,34,26,20
P0299,8,30,55,5,7,4,1,10,82,51,56,53,69,1,33,38,46,51,58
P0300,1,53,35,6,3,7,2,6,51,52,42,63,57,0,33,29,27,31,33
P0301,10,46,48,7,7,7,1,14,65,72,23,55,81,0,29,28,43,39,31
P0302,21,46,66,7,7,12,0,10,58,73,87,67,68,1,44,47,39,30,38
P0303,1,48,48,1,3,5,1,10,81,58,32,44,81,0,42,47,46,44,47
P0304,23,53,34,0,7,10,0,11,29,92,28,79,50,0,24,22,15,11,7
P0305,14,0,67,2,5,7,1,16,71,80,43,59,84,0,33,38,40,40,39
P0306,4,29,56,2,1,13,0,8,54,59,73,74,76,0,31,42,43,39,48
P0307,8,0,49,3,6,12,0,7,75,57,5,82,87,0,37,29,27,25,24
P0308,14,39,47,9,6,8,1,15,43,65,71,73,84,0,35,30,26,23,19
P0309,8,38,60,5,4,6,2,0,58,63,30,81,66,0,43,44,44,49,43
P0310,3,63,45,7,5,9,0,8,56,87,53,35,64,1,38,40,34,30,21
P0311,17,67,60,1,3,6,1,4,40,83,34,60,97,0,32,44,30,25,21
P0312,17,43,55,4,7,14,0,20,35,69,88,86,62,0,36,33,34,34,36
P0313,3,26,52,8,5,7,0,9,48,78,50,76,80,0,20,24,24,26,35
P0314,8,50,51,8,5,5,0,8,60,80,34,98,61,0,38,30,32,36,35
P0315,7,25,48,3,6,5,2,12,44,69,42,95,35,0,38,28,29,35,40
P0316,17,38,59,7,2,2,1,8,52,74,50,73,46,0,41,40,48,46,47
P0317,19,62,42,15,3,9,2,9,24,77,52,64,74,0,26,13,21,17,22
P0318,19,25,35,6,1,4,1,13,51,75,57,53,79,0,34,25,23,16,15
P0319,24,57,56,3,6,11,1,9,76,56,48,60,74,1,35,34,30,30,21
P0320,20,54,56,5,2,2,0,9,71,58,20,61,86,0,43,36,38,45,41
P0321,9,15,54,6,5,8,1,5,56,64,41,59,74,0,32,35,37,34,39
P0322,3,61,54,5,6,12,0,4,62,57,60,53,54,1,35,30,31,25,32
P0323,16,55,47,6,7,0,0,12,43,46,35,74,77,0,37,40,34,33,21
P0324,23,40,57,0,2,15,0,14,87,78,61,95,70,0,46,43,42,46,50
P0325,25,20,50,2,5,5,2,2,95,73,49,83,57,1,33,34,33,27,34
P0326,6,17,46,5,9,8,3,17,61,48,44,63,75,0,47,40,56,42,55
P0327,6,25,47,5,9,9,1,17,100,64,72,84,68,0,46,43,51,48,53
P0328,1,51,68,4,7,10,0,19,46,65,13,74,57,0,36,34,28,28,30
P0329,4,15,34,5,6,8,1,14,35,71,34,67,64,0,36,35,39,38,37
P0330,14,49,54,6,2,11,1,16,45,52,73,66,91,0,39,35,41,38,36
P0331,14,8,35,10,7,9,0,27,54,48,85,65,90,0,37,40,37,36,47
P0332,10,33,49,6,5,14,0,10,100,76,94,78,70,1,30,23,14,5,0
P0333,8,41,46,8,6,9,2,5,53,45,49,70,68,0,31,30,26,29,19
P0334,21,97,31,4,3,15,3,1,43,65,57,56,43,1,24,19,19,15,13
P0335,12,5,54,8,5,11,2,24,42,63,64,56,96,0,42,26,28,28,21
P0336,21,73,47,8,5,0,2,24,79,66,74,73,85,0,39,43,39,42,45
P0337,25,42,31,9,6,17,1,6,76,72,54,75,80,1,37,39,36,40,42
P0338,8,48,58,9,6,5,2,7,49,92,67,63,28,0,29,38,40,41,35
P0339,6,41,63,8,4,13,0,10,24,44,57,50,68,0,37,35,37,25,23
P0340,24,49,63,6,2,7,0,21,38,81,58,88,65,0,27,30,28,35,40
P0341,16,34,53,7,9,11,1,3,89,30,30,85,79,1,39,44,58,55,69
P0342,8,73,50,10,11,4,1,0,70,89,41,36,59,1,46,43,39,38,35
P0343,16,27,62,3,6,10,0,27,59,37,38,89,63,0,42,35,35,35,25
P0344,13,65,65,3,2,6,2,14,92,100,24,65,78,0,46,48,32,34,27
P0345,23,23,60,7,3,13,0,15,93,62,15,71,54,0,40,37,34,41,41
P0346,7,37,42,8,6,9,0,11,57,87,40,86,57,0,33,48,28,36,33
P0347,25,12,52,3,8,11,0,15,58,84,43,94,70,0,28,19,16,11,4
P0348,24,49,54,6,2,0,0,1,48,61,50,84,90,0,34,28,23,8,8
P0349,5,73,34,6,5,7,1,6,53,63,59,72,81,1,46,45,54,64,62
P0350,5,36,54,0,5,9,0,13,31,55,52,46,85,0,37,42,45,51,53
P0351,14,33,70,5,7,8,0,0,31,80,43,36,68,0,32,44,51,44,56
P0352,2,11,56,5,4,11,0,10,27,62,30,82,92,0,35,31,32,26,38
P0353,8,32,63,5,1,6,1,9,78,56,66,89,37,0,28,34,27,27,25
P0354,11,0,52,12,7,7,0,10,30,76,46,55,100,0,35,33,46,25,23
P0355,25,16,49,1,8,12,2,8,93,55,39,64,100,0,31,21,24,23,14
P0356,25,43,53,3,5,0,4,5,45,63,44,59,75,1,33,30,18,15,12
P0357,4,70,43,0,6,9,3,0,89,70,33,59,81,0,38,34,37,39,32
P0358,23,105,41,4,4,6,1,13,51,58,37,85,66,0,40,41,48,47,48
P0359,3,24,61,4,3,3,1,10,30,61,37,71,63,0,38,43,54,63,66
P0360,19,72,62,4,8,8,1,2,81,91,42,64,57,1,42,41,39,40,46
P0361,22,44,41,10,6,12,0,12,83,65,61,100,66,1,38,31,35,23,24
P0362,23,34,59,9,6,11,0,10,42,63,56,45,76,0,30,30,33,23,23
P0363,6,48,49,6,9,6,0,9,52,65,79,77,74,1,39,42,36,36,28
P0364,23,39,53,5,2,11,2,0,42,75,72,51,100,1,37,48,35,28,36
P0365,3,41,54,10,4,10,0,17,56,52,87,65,69,1,35,44,41,44,44
P0366,13,28,59,6,5,7,2,3,60,74,59,70,42,1,42,36,28,27,26
P0367,12,4,51,3,4,4,0,12,52,72,59,82,95,0,42,38,42,40,35
P0368,8,1,63,0,7,4,1,6,25,41,38,64,46,0,42,38,44,35,51
P0369,1,54,53,4,5,10,0,9,48,95,65,62,57,0,42,38,56,46,54
P0370,20,31,56,9,3,7,0,20,71,90,35,64,72,0,41,44,47,41,46
P0371,9,24,43,15,5,3,0,16,54,56,19,51,74,0,26,30,32,43,44
P0372,17,38,69,6,5,0,0,20,52,51,79,78,42,1,36,36,30,27,37
P0373,11,57,54,3,7,10,0,14,41,71,23,73,54,0,38,33,28,45,35
P0374,10,42,56,1,6,5,1,15,47,47,57,75,42,0,33,46,37,50,55
P0375,23,22,36,8,6,8,0,0,83,88,30,67,78,0,42,33,30,20,19
P0376,3,67,43,0,6,12,1,10,37,61,71,65,87,1,38,39,28,30,29
P0377,19,76,61,8,5,2,0,10,71,92,73,87,46,1,30,36,50,44,48
P0378,19,50,53,9,3,7,0,21,59,56,59,84,84,1,32,24,31,21,32
P0379,10,61,33,8,6,6,0,8,62,66,73,91,83,1,27,39,31,35,37
P0380,7,68,59,5,4,9,1,14,45,87,48,74,56,0,36,33,34,36,32
P0381,1,65,45,8,9,12,0,14,52,63,93,90,33,0,43,33,46,42,44
P0382,24,53,63,7,8,2,2,20,58,72,63,61,49,1,32,30,45,48,55
P0383,24,52,49,3,7,9,1,11,49,84,30,65,57,0,36,45,42,51,58
P0384,7,50,52,13,6,11,2,18,64,60,49,87,93,0,38,34,26,26,29
P0385,1,12,61,5,5,6,0,0,66,49,45,81,65,0,33,36,42,50,51
P0386,4,55,42,9,2,6,0,1,97,46,43,63,50,1,25,32,38,33,32
P0387,2,5,41,0,4,9,1,0,63,77,15,51,70,0,39,44,42,46,54
P0388,21,19,48,11,5,8,1,18,24,74,56,65,45,1,29,38,30,24,25
P0389,23,69,57,12,6,9,1,17,79,84,20,57,76,1,37,47,62,60,73
P0390,4,58,38,6,6,9,0,18,54,64,0,96,50,0,45,45,38,38,49
P0391,19,74,35,8,7,3,1,7,94,47,41,80,53,1,39,33,17,4,0
P0392,5,31,57,8,3,11,1,8,84,33,33,56,73,1,36,49,41,53,56
P0393,10,10,45,3,3,12,3,11,49,100,31,51,97,0,30,30,31,32,36
P0394,15,32,46,8,9,8,0,22,71,76,0,56,100,0,48,40,40,44,35
P0395,18,40,33,3,7,1,2,24,47,70,31,59,49,0,32,34,31,36,31
P0396,22,40,44,4,4,7,1,18,58,72,45,65,57,0,44,44,44,40,43
P0397,2,65,50,11,5,8,1,14,70,47,35,86,76,1,26,23,21,17,16
P0398,5,29,58,10,5,2,1,21,78,56,56,53,87,1,44,37,35,38,34
P0399,8,46,43,3,5,6,1,10,74,94,76,100,30,0,30,32,28,26,26
P0400,8,14,65,3,6,1,1,9,59,78,58,53,68,0,39,30,28,26,28
P0401,25,49,44,3,11,9,1,11,100,57,69,45,59,1,32,35,31,34,32
P0402,20,38,44,9,5,8,0,5,51,50,70,95,34,1,30,45,43,46,58
P0403,9,20,64,2,7,0,0,11,29,60,28,89,44,0,30,27,33,38,34
P0404,25,32,52,7,1,8,1,4,33,63,57,65,57,0,40,36,31,38,44
P0405,13,34,45,9,4,7,1,19,85,99,68,74,68,0,37,31,40,39,49
P0406,13,32,49,6,8,9,1,16,57,65,39,75,84,0,42,38,33,39,38
P0407,11,81,62,10,6,5,1,22,61,50,32,70,73,0,39,31,26,24,12
P0408,4,36,63,5,1,4,0,1,48,67,59,47,83,0,33,48,44,58,62
P0409,24,32,43,5,7,4,0,25,50,72,18,28,67,0,42,43,45,43,57
P0410,1,0,50,2,10,5,0,1,44,49,26,54,55,0,38,42,51,55,61
P0411,5,17,51,10,1,7,2,4,66,74,35,97,64,0,30,36,43,48,55
P0412,6,32,41,3,9,8,1,8,56,86,57,98,79,0,25,29,16,15,24
P0413,7,22,49,7,1,6,0,21,66,70,52,64,85,0,36,21,19,11,0
P0414,4,71,50,6,7,5,0,14,64,56,69,53,64,1,38,25,27,19,9
P0415,1,34,60,2,5,6,0,10,50,60,30,72,51,0,32,36,37,40,42
P0416,17,69,61,4,1,17,0,6,32,43,28,75,73,0,34,33,35,40,32
P0417,25,39,47,12,6,4,2,2,30,66,58,78,75,0,38,41,29,34,40
P0418,4,39,48,7,8,5,1,20,100,73,32,28,88,1,55,37,24,16,3
P0419,8,36,56,2,6,20,1,18,85,55,36,100,55,0,27,30,30,28,32
P0420,13,38,45,7,6,9,0,21,82,97,11,86,56,0,33,24,23,15,16
P0421,24,79,55,5,4,1,0,15,46,80,54,65,80,0,33,33,29,31,28
P0422,18,0,49,18,1,10,0,0,58,41,79,57,60,1,39,35,54,41,52
P0423,20,0,41,7,7,3,1,3,43,41,27,84,59,0,28,24,20,18,10
P0424,15,25,41,4,9,11,0,15,34,53,68,76,88,0,38,22,20,22,25
P0425,11,38,63,12,8,6,2,9,47,92,47,69,44,0,42,36,44,42,40
P0426,5,55,49,0,1,5,1,8,82,81,13,75,100,0,27,32,29,47,45
P0427,22,49,65,6,1,13,0,4,73,92,30,66,57,1,29,35,30,25,24
P0428,21,29,45,14,3,9,0,19,41,68,29,74,82,1,40,48,41,46,49
P0429,1,62,53,6,1,11,0,15,52,65,42,80,65,0,31,27,18,19,12
P0430,18,63,72,0,5,9,0,16,71,49,56,73,72,0,29,29,30,22,14
P0431,3,42,40,4,6,5,4,8,48,73,85,73,63,1,27,30,21,19,9
P0432,19,61,33,12,1,9,2,13,59,65,19,90,82,0,27,35,27,12,5
P0433,21,45,62,8,7,12,0,3,65,64,38,42,61,0,49,54,45,47,54
P0434,4,25,43,3,7,8,1,11,65,92,30,55,57,0,38,21,15,11,16
P0435,11,55,50,3,4,14,1,0,63,66,23,68,98,0,22,24,17,8,7
P0436,4,41,45,4,5,10,1,1,46,88,50,56,67,0,34,42,52,40,42
P0437,15,38,52,7,1,8,0,10,48,44,48,62,56,0,39,45,48,48,47
P0438,24,73,41,11,4,8,1,29,38,100,12,89,42,0,41,42,46,56,53
P0439,3,0,48,10,5,8,1,0,30,62,48,66,99,0,41,46,53,48,63
P0440,10,4,54,8,5,2,0,3,56,79,24,39,58,0,38,34,26,26,27
P0441,25,10,41,1,6,7,0,14,73,81,48,61,100,0,24,29,38,25,27
P0442,8,29,44,1,6,8,2,24,33,61,73,69,74,0,43,31,39,40,49
P0443,4,32,47,8,4,5,0,13,63,80,57,69,69,1,34,37,31,25,24
P0444,13,2,37,1,6,8,2,17,72,81,52,77,70,0,42,45,46,47,39
P0445,13,14,46,5,8,7,0,10,25,57,37,76,100,0,40,31,24,28,14
P0446,17,17,51,7,5,10,0,8,53,57,49,66,30,0,26,28,19,19,13
P0447,8,97,46,1,6,10,0,13,88,69,59,49,71,1,47,48,45,53,50
P0448,24,81,48,2,5,8,4,7,68,66,57,61,62,0,34,48,55,60,62
P0449,14,28,50,6,3,2,1,17,24,89,46,58,63,1,26,45,38,53,50
P0450,8,29,44,8,6,14,0,1,70,79,52,63,70,1,35,38,41,43,43
P0451,25,10,56,10,4,6,1,18,45,67,22,79,62,0,45,43,41,46,39
P0452,24,0,63,8,6,7,4,12,70,77,33,74,70,1,24,16,20,23,22
P0453,13,35,46,6,5,6,0,10,46,37,62,81,67,0,38,36,24,17,18
P0454,1,14,54,3,4,5,2,0,57,59,65,62,45,1,37,43,37,40,36
P0455,15,36,48,2,4,13,0,5,48,72,50,92,73,0,37,35,21,19,28
P0456,14,0,53,4,4,13,0,20,58,85,78,79,79,0,41,37,49,44,51
P0457,4,20,64,8,1,9,0,11,48,71,58,70,58,0,35,42,44,38,48
P0458,16,42,55,7,6,7,3,14,54,90,43,78,99,0,31,37,37,36,39
P0459,22,47,34,0,6,9,1,6,37,81,24,57,90,0,24,31,39,40,51
P0460,3,48,54,3,7,7,0,12,67,61,77,34,81,0,33,43,35,37,39
P0461,19,6,61,11,4,6,0,2,61,66,63,58,81,1,32,30,22,22,18
P0462,4,59,48,6,10,8,1,13,29,74,84,80,68,0,30,21,29,29,34
P0463,19,19,59,0,4,5,0,15,76,61,91,69,86,0,37,34,26,22,24
P0464,11,53,44,15,3,8,2,14,55,91,22,66,94,0,30,31,37,36,51
P0465,1,38,37,6,3,8,0,6,61,51,22,54,81,0,31,20,22,28,18
P0466,25,5,51,8,1,9,3,10,72,73,0,37,57,0,41,36,36,41,35
P0467,5,30,34,8,9,5,2,16,64,79,66,91,66,1,39,42,47,53,52
P0468,15,47,48,5,8,10,0,11,79,63,61,65,77,1,39,40,25,22,22
P0469,5,53,62,3,7,3,1,10,53,60,50,61,81,1,30,35,38,47,49
P0470,24,35,33,14,3,5,2,25,77,67,23,57,66,0,37,35,20,28,22
P0471,19,75,38,10,10,5,1,5,60,80,46,88,57,1,42,44,36,38,55
P0472,21,62,41,9,4,3,3,20,67,61,52,82,94,0,53,50,43,49,46
P0473,11,32,49,8,4,11,2,4,65,52,64,53,49,1,47,43,61,54,49
P0474,12,56,47,2,9,3,1,17,80,85,53,87,51,1,34,26,23,13,11
P0475,16,84,63,11,7,4,1,17,71,74,61,66,44,1,39,34,34,23,19
P0476,20,85,59,3,11,12,0,8,50,83,46,58,51,1,33,43,45,48,48
P0477,22,9,54,7,6,5,3,3,46,79,72,63,88,0,31,29,27,29,24
P0478,1,16,51,0,4,6,0,0,57,100,61,55,89,0,40,32,37,38,31
P0479,17,74,54,0,3,3,1,8,44,85,24,47,66,0,51,40,36,30,33
P0480,3,13,42,7,1,10,2,16,39,57,76,80,75,0,29,49,48,47,57
P0481,8,6,58,3,4,10,0,4,20,75,73,64,67,0,40,24,37,34,40
P0482,21,26,40,0,8,10,0,13,30,60,57,78,47,0,36,38,39,44,33
P0483,7,48,58,8,6,9,2,2,94,61,54,73,100,1,44,41,36,15,20
P0484,20,36,61,14,5,7,0,10,46,47,81,77,90,0,19,31,31,30,28
P0485,12,22,52,12,3,5,0,4,92,64,15,35,73,1,27,32,27,10,20
P0486,6,22,48,5,6,4,0,11,65,76,73,54,52,1,41,38,31,24,30
P0487,9,21,54,6,8,12,2,8,57,67,38,77,63,0,31,32,33,23,6
P0488,14,17,30,10,6,10,1,4,31,52,70,48,55,0,14,23,26,21,23
P0489,20,93,53,10,5,4,0,7,58,45,50,74,69,0,38,43,44,41,53
P0490,16,45,49,5,3,7,1,5,92,100,23,46,72,0,39,43,36,41,40
P0491,24,59,50,6,7,6,1,3,86,73,38,68,61,0,40,32,27,37,31
P0492,22,26,56,7,1,2,1,20,63,56,68,94,42,0,34,32,31,28,40
P0493,19,34,49,8,6,8,1,9,37,75,44,80,100,1,38,34,39,42,41
P0494,16,21,40,5,11,5,1,0,41,100,36,38,71,0,38,36,30,42,33
P0495,8,0,49,6,1,3,1,8,43,77,35,82,75,0,29,20,32,27,25
P0496,11,5,51,12,4,1,2,18,81,26,61,97,60,1,29,26,24,27,16
P0497,3,0,51,11,5,1,1,7,87,100,83,100,40,1,38,25,36,33,34
P0498,10,0,51,8,4,6,1,22,62,40,5,76,66,0,28,26,11,15,2
P0499,24,9,59,13,8,7,0,6,53,65,100,46,62,1,45,52,46,57,56
P0500,11,70,40,4,6,3,1,16,86,51,52,75,79,1,42,35,21,26,15
P0501,3,37,52,12,5,10,1,19,40,57,60,94,82,0,33,42,45,38,45
P0502,17,69,62,8,7,7,0,15,59,72,39,65,80,0,35,30,9,1,0
P0503,25,48,34,18,5,9,0,2,66,37,48,85,84,1,39,52,51,54,76
P0504,22,57,52,1,13,6,1,5,42,67,52,55,98,1,26,27,26,17,11
P0505,7,16,45,3,5,4,0,20,47,85,27,74,74,0,36,30,28,24,17
P0506,12,51,47,8,5,7,0,6,45,55,32,28,86,0,44,43,43,44,46
P0507,14,55,42,8,1,2,1,19,84,47,72,53,75,1,45,45,49,50,53
P0508,7,24,48,14,4,9,1,9,92,66,17,68,35,1,39,39,39,40,37
P0509,7,51,67,3,8,3,1,13,60,63,57,62,64,1,44,50,51,56,60
P0510,6,52,39,10,2,11,0,2,53,59,41,47,52,1,34,29,21,21,26
P0511,25,25,39,11,1,6,0,8,47,50,29,60,71,0,44,51,48,44,36
P0512,19,11,38,9,5,11,0,6,58,76,87,73,54,1,41,36,38,43,30
P0513,22,10,66,2,8,3,1,14,48,77,29,67,77,0,44,39,41,37,34
P0514,21,40,46,12,5,4,1,13,56,52,25,69,84,1,32,22,13,9,5
P0515,24,46,50,11,4,9,0,15,65,54,44,80,87,0,38,35,34,36,46
P0516,3,19,46,8,1,12,2,9,51,70,33,63,95,0,30,45,37,37,27
P0517,23,39,42,7,6,14,1,5,55,54,48,90,39,0,31,31,36,42,48
P0518,2,52,48,7,7,7,0,13,55,71,51,52,47,0,30,27,11,13,10
P0519,12,53,72,6,1,14,2,5,52,90,53,99,100,0,38,29,29,26,24
P0520,15,75,63,9,8,6,2,20,50,67,46,86,84,1,42,39,56,63,69
P0521,9,69,42,6,7,11,0,11,72,50,34,62,71,0,29,29,28,33,34
P0522,4,14,56,3,8,3,0,10,26,74,61,63,68,0,32,33,40,38,35
P0523,5,78,43,2,6,9,0,15,86,65,46,71,66,1,34,46,48,52,56
P0524,21,25,34,3,7,0,1,11,60,66,38,78,34,0,27,33,31,33,41
P0525,8,63,59,7,6,3,1,0,69,75,78,86,54,0,42,50,57,65,72
P0526,8,40,60,6,7,9,2,5,71,78,46,47,65,0,29,30,35,30,23
P0527,24,28,59,7,1,2,2,19,45,69,70,75,55,0,31,23,19,10,14
P0528,4,0,46,8,1,9,2,13,42,67,73,34,57,0,32,39,42,29,46
P0529,23,34,48,3,3,11,0,0,39,99,74,65,100,0,41,40,33,37,38
P0530,24,1,57,12,5,5,1,14,54,86,62,91,63,0,25,21,26,25,21
P0531,15,61,54,5,6,3,0,8,71,81,48,45,72,1,19,32,35,25,30
P0532,5,74,46,4,6,5,0,6,47,70,47,42,71,0,28,29,17,15,19
P0533,4,19,35,8,8,3,1,4,69,53,43,72,77,0,36,43,34,37,37
P0534,8,45,51,0,8,7,2,19,15,85,5,90,59,0,29,35,38,32,34
P0535,15,21,60,3,3,7,2,0,51,70,62,73,88,0,31,41,40,37,36
P0536,4,23,39,10,6,6,0,6,79,59,53,38,75,1,38,43,42,50,54
P0537,12,57,56,0,3,14,0,13,55,64,65,41,45,0,43,35,25,19,23
P0538,3,37,53,10,5,4,2,23,43,54,46,70,65,0,35,28,27,26,20
P0539,14,80,57,12,6,13,0,16,46,84,61,49,64,1,32,33,52,57,64
P0540,1,26,58,5,1,3,2,6,3,78,20,70,63,0,36,26,18,15,5
P0541,18,62,44,7,11,7,3,23,40,71,25,71,76,0,31,34,24,29,31
P0542,2,40,35,10,6,12,1,3,77,67,0,60,78,0,40,46,59,67,66
P0543,5,57,45,4,4,12,1,14,48,58,45,97,76,0,25,31,22,26,31
P0544,5,27,58,9,10,5,1,15,50,36,33,77,73,0,39,44,44,57,56
P0545,21,37,45,3,4,9,0,6,16,47,30,87,68,0,19,31,32,37,39
P0546,2,35,44,4,5,9,2,17,29,57,55,83,30,0,33,25,30,30,26
P0547,11,18,34,3,4,5,0,8,79,55,39,66,80,1,32,35,27,39,30
P0548,15,54,66,7,9,9,0,17,69,72,19,65,75,1,51,41,35,20,18
P0549,13,54,57,11,5,14,3,0,35,80,99,63,50,1,34,42,36,30,34
P0550,18,52,57,5,5,9,1,14,47,66,47,79,72,0,37,36,30,31,39
P0551,21,75,59,1,8,9,1,9,57,89,26,58,78,0,34,32,41,37,32
P0552,10,73,55,2,6,10,0,20,36,56,35,96,87,0,25,43,47,60,59
P0553,21,29,48,8,5,1,1,12,22,66,45,56,76,0,31,35,31,32,33
P0554,8,47,49,13,8,9,2,21,55,67,44,71,72,0,44,40,56,65,50
P0555,25,23,46,8,11,3,0,16,68,84,74,64,83,1,50,44,47,51,65
P0556,13,39,74,4,6,5,2,11,69,70,46,61,62,1,36,50,46,49,55
P0557,19,24,55,9,5,16,0,18,74,70,85,100,74,1,36,28,29,31,26
P0558,22,77,46,5,5,6,1,18,30,43,39,61,56,1,37,34,37,34,41
P0559,20,47,54,4,8,4,1,15,59,55,57,63,86,1,44,31,33,30,37
P0560,22,33,41,2,4,12,0,0,53,84,68,57,40,0,32,27,32,39,30
P0561,14,67,64,12,4,3,1,5,56,37,72,69,81,1,38,34,36,33,31
P0562,2,0,44,0,1,5,0,22,54,88,74,66,67,0,41,35,40,37,40
P0563,13,0,55,9,2,12,2,3,46,75,43,50,83,0,38,31,33,21,21
P0564,5,57,60,4,4,7,0,18,4,57,48,61,54,0,36,40,29,40,35
P0565,23,39,53,4,5,1,1,17,79,56,0,78,69,0,46,46,52,63,65
P0566,6,44,51,13,9,9,1,7,64,96,44,84,68,0,34,36,32,23,22
P0567,6,6,50,3,6,5,0,0,31,89,70,68,74,0,31,45,47,59,57
P0568,7,37,49,3,3,13,0,8,67,66,66,69,49,0,39,37,46,35,45
P0569,17,86,45,5,3,5,1,27,50,70,46,62,78,0,31,25,23,28,31
P0570,15,58,46,8,8,11,2,6,50,58,82,60,36,0,23,30,29,23,20
P0571,24,42,63,4,8,14,0,6,44,70,40,53,56,0,28,26,22,29,19
P0572,11,27,49,0,5,4,0,5,68,58,34,43,40,0,33,32,19,15,9
P0573,8,29,43,3,4,6,0,21,44,67,39,57,81,0,43,51,42,55,50
P0574,2,0,45,11,8,9,3,10,38,95,26,82,74,0,27,33,46,55,65
P0575,1,44,60,6,3,4,0,8,78,67,60,61,75,1,41,46,48,51,48
P0576,10,58,56,8,6,8,0,22,55,52,54,62,92,1,33,38,48,38,49
P0577,24,0,55,5,11,6,1,16,55,48,60,62,62,0,32,32,34,28,24
P0578,14,22,48,3,6,6,0,6,70,70,40,88,77,0,29,33,42,48,48
P0579,23,10,55,13,3,7,1,3,46,57,47,53,68,0,45,42,39,45,47
P0580,3,15,44,5,6,7,0,20,50,72,4,72,66,0,33,34,38,37,40
P0581,3,39,48,4,4,8,1,12,64,44,56,67,89,0,29,22,21,14,0
P0582,21,0,59,10,2,5,0,1,30,78,50,69,100,0,49,49,47,36,36
P0583,3,53,58,3,7,5,0,0,62,52,26,72,60,1,41,39,36,45,43
P0584,2,56,41,4,8,7,0,4,44,69,46,69,81,0,30,46,43,44,47
P0585,11,32,42,6,4,7,2,3,73,63,43,81,72,0,38,44,51,60,57
P0586,24,0,51,6,4,5,0,0,68,94,83,68,73,1,41,28,24,22,13
P0587,18,14,66,7,3,8,2,4,65,71,27,96,71,0,40,32,37,25,13
P0588,3,68,33,14,5,0,3,6,29,97,55,69,61,0,39,40,38,40,49
P0589,21,0,53,7,4,4,1,9,56,76,26,41,6,0,32,38,32,37,21
P0590,22,30,38,0,2,6,2,24,37,89,37,78,93,0,32,44,39,53,42
P0591,21,10,44,7,10,4,3,10,57,65,54,74,55,0,34,30,23,17,7
P0592,23,57,47,6,6,14,0,11,16,73,44,69,63,1,38,39,42,40,36
P0593,6,22,46,6,6,7,0,16,30,86,48,64,63,0,33,38,33,31,31
P0594,25,48,45,7,7,8,0,10,79,82,55,34,54,0,39,36,40,38,45
P0595,9,52,50,6,7,5,1,15,65,76,38,37,71,1,39,35,27,31,19
P0596,21,82,45,6,4,7,1,14,52,63,66,94,66,1,46,44,30,13,5
P0597,15,33,37,8,6,2,1,13,42,66,42,59,55,0,45,42,39,45,39
P0598,20,47,57,4,4,6,1,31,38,85,46,83,70,0,40,49,48,55,51
P0599,16,2,57,2,6,3,1,18,62,88,55,42,66,0,39,46,37,52,59
P0600,17,67,58,18,6,6,1,4,52,59,53,51,83,0,37,27,30,30,29
P0601,16,20,36,3,4,0,1,15,86,57,61,79,44,0,40,38,42,51,48
P0602,20,25,53,6,2,2,0,6,55,54,54,66,53,1,42,41,40,50,55
P0603,19,37,56,0,5,13,1,15,59,80,57,77,79,0,31,37,45,44,53
P0604,4,0,41,6,4,10,2,2,33,54,41,68,56,0,39,44,43,39,39
P0605,21,43,50,2,1,12,0,4,52,80,27,65,52,0,31,25,25,14,0
P0606,14,61,49,4,6,13,0,14,61,76,19,57,57,0,33,38,44,40,33
P0607,9,45,67,10,7,10,2,19,51,60,15,49,65,1,38,30,34,48,40
P0608,13,0,67,8,11,5,1,16,49,91,83,90,65,1,32,42,46,43,49
P0609,25,35,35,8,4,3,1,18,64,46,4,93,63,0,28,14,22,10,0
P0610,22,56,72,0,4,12,0,15,85,93,72,51,50,1,42,36,36,38,38
P0611,21,0,42,13,2,7,1,13,61,73,32,50,80,0,28,26,31,41,44
P0612,12,12,59,1,6,17,1,8,79,37,72,62,90,0,24,22,17,21,30
P0613,20,59,59,12,6,6,2,18,69,92,4,73,35,0,40,41,40,37,40
P0614,10,44,41,10,3,15,0,19,78,83,43,65,41,1,50,58,57,71,81
P0615,18,48,54,8,5,6,1,12,47,62,77,76,84,1,31,22,25,18,17
P0616,16,83,49,3,1,12,1,11,54,54,62,67,94,0,41,43,48,58,62
P0617,7,49,55,7,7,14,2,23,54,44,41,66,31,0,37,37,45,52,55
P0618,7,54,52,4,3,3,1,12,68,100,9,100,81,0,35,28,27,30,31
P0619,2,103,61,6,5,5,0,13,72,54,22,60,95,1,44,44,39,48,38
P0620,4,33,51,5,1,3,2,15,60,49,76,94,52,0,31,37,32,33,33
P0621,11,19,48,0,4,2,0,11,74,72,41,91,94,0,36,28,35,33,41
P0622,12,48,60,10,4,10,1,6,48,43,47,76,64,1,29,30,26,22,26
P0623,5,49,55,6,5,6,1,15,74,53,54,37,72,1,37,25,28,23,22
P0624,11,25,57,4,6,7,0,12,76,83,22,68,55,0,41,35,34,28,39
P0625,16,13,44,4,9,9,0,25,70,75,56,60,84,1,33,38,41,34,33
P0626,6,93,41,7,7,0,0,18,60,62,40,68,81,0,36,35,31,31,33
P0627,9,46,45,2,7,12,1,8,71,68,54,51,96,0,52,35,33,22,6
P0628,10,20,44,0,9,6,2,17,42,61,36,80,91,0,49,40,46,41,49
P0629,13,60,57,8,6,9,0,14,62,67,17,84,67,0,32,34,32,30,28
P0630,10,35,59,8,5,9,1,21,63,57,39,87,100,0,26,16,10,9,0
P0631,19,32,49,5,8,12,1,8,34,59,61,62,90,0,34,35,34,28,28
P0632,9,51,63,1,8,7,1,13,67,59,56,51,76,1,32,34,29,29,31
P0633,11,7,62,6,7,0,1,11,36,57,49,74,50,0,37,45,49,57,52
P0634,10,46,52,0,1,7,1,12,50,84,66,96,41,0,27,26,30,14,14
P0635,5,84,43,2,3,8,1,6,59,80,44,69,42,0,23,34,29,36,39
P0636,18,49,64,3,4,3,1,16,45,54,49,75,51,1,28,26,38,46,40
P0637,6,29,49,9,7,8,1,15,59,50,38,64,90,0,30,39,32,26,31
P0638,8,26,51,5,5,6,0,21,59,66,67,60,75,0,20,19,25,28,29
P0639,20,28,47,4,8,2,1,12,43,100,54,79,57,0,26,29,43,54,62
P0640,24,32,42,14,8,10,0,9,68,53,37,66,65,1,43,47,40,50,44
P0641,17,29,37,7,8,5,3,18,44,66,18,74,63,0,31,29,31,37,43
P0642,23,60,56,7,8,5,1,6,99,69,70,76,81,1,36,31,26,35,31
P0643,22,0,43,5,2,5,0,20,56,66,33,74,52,0,31,32,36,43,43
P0644,13,59,75,4,6,12,1,20,37,61,49,77,73,0,24,38,28,23,34
P0645,20,29,40,0,3,7,2,21,40,85,95,54,72,0,33,35,17,10,2
P0646,9,47,39,10,1,7,1,15,79,75,64,53,53,0,30,35,29,30,24
P0647,12,11,55,8,4,5,0,9,51,81,80,67,94,0,35,29,24,24,8
P0648,14,70,64,5,8,9,1,13,33,77,37,68,62,0,26,37,34,33,35
P0649,25,68,51,5,6,12,1,15,73,81,69,60,50,1,38,33,28,33,21
P0650,22,61,55,9,10,10,1,8,51,92,49,72,81,1,41,51,49,49,50
P0651,13,2,33,0,5,10,0,21,70,88,55,83,68,0,31,32,33,36,34
P0652,17,58,44,4,11,9,2,16,75,100,88,87,74,1,44,40,32,26,17
P0653,6,48,40,1,5,1,1,6,63,86,42,91,47,0,23,28,26,21,24
P0654,21,0,33,13,5,3,2,25,100,58,48,47,81,0,38,37,43,43,51
P0655,14,37,51,10,2,6,0,13,27,81,30,49,100,0,33,35,36,55,46
P0656,14,47,30,0,8,4,0,4,43,79,66,63,46,0,32,33,31,21,24
P0657,20,51,38,0,4,3,0,6,53,97,37,69,73,0,35,31,26,26,20
P0658,16,42,45,5,3,0,0,22,99,53,68,64,54,1,40,45,47,54,67
P0659,2,45,43,4,8,2,0,25,90,76,15,59,100,0,41,31,29,29,33
P0660,8,73,54,1,8,6,1,19,81,58,59,63,88,1,38,37,29,29,32
P0661,5,67,53,14,8,7,0,21,44,76,35,76,72,0,39,35,24,27,22
P0662,19,0,58,7,4,4,3,21,46,65,63,47,46,0,33,37,44,35,41
P0663,1,30,57,8,5,7,1,16,43,75,48,100,50,0,26,48,44,58,57
P0664,6,34,60,3,5,5,0,14,44,47,37,68,80,0,41,46,34,42,40
P0665,15,0,50,9,7,11,4,16,85,80,40,85,44,1,53,62,59,63,67
P0666,18,40,53,4,9,6,0,17,54,71,31,59,44,1,26,33,29,35,37
P0667,13,68,55,5,6,10,1,7,56,70,65,77,67,0,33,26,32,18,24
P0668,22,12,51,8,10,8,2,17,72,97,27,70,69,0,36,34,32,32,33
P0669,23,46,46,0,7,1,0,22,28,62,43,82,73,0,33,25,22,20,15
P0670,4,16,47,12,4,7,1,11,59,73,55,65,60,0,29,26,35,36,31
P0671,24,22,43,7,7,2,1,10,38,70,80,93,83,1,42,42,58,56,65
P0672,16,73,54,11,9,7,1,15,53,71,48,44,52,1,40,44,36,38,37
P0673,16,25,49,2,10,4,0,7,47,100,43,83,78,0,30,26,28,34,27
P0674,3,49,44,2,8,9,1,3,47,69,53,70,71,0,39,42,28,37,28
P0675,16,0,44,1,5,2,1,20,62,59,7,52,77,0,32,47,50,39,41
P0676,19,83,39,7,4,7,1,9,62,96,24,99,87,0,33,25,20,14,14
P0677,15,52,59,6,6,9,3,12,54,63,40,98,59,1,28,28,27,17,8
P0678,3,34,51,4,9,11,0,8,65,44,34,35,56,0,35,34,37,39,42
P0679,14,52,42,2,6,4,1,21,42,57,16,71,38,0,38,41,32,37,37
P0680,24,4,57,1,6,7,0,18,70,49,65,79,33,1,38,33,37,31,31
P0681,19,66,45,6,5,8,1,10,54,41,53,75,64,0,42,33,32,36,29
P0682,4,30,37,4,4,13,1,4,49,63,51,92,65,0,44,50,52,52,55
P0683,24,33,59,3,5,1,4,10,44,67,34,89,49,0,32,34,38,40,33
P0684,24,26,45,12,5,3,3,16,54,86,50,72,52,0,38,31,32,21,33
P0685,5,24,46,6,9,18,0,13,92,77,58,100,93,1,32,39,25,21,21
P0686,21,55,50,11,4,6,1,13,57,77,43,83,82,0,43,37,37,46,40
P0687,11,44,60,4,5,0,0,13,37,55,57,62,46,0,38,39,30,38,39
P0688,15,54,50,7,3,5,0,17,75,81,32,59,59,0,27,37,33,28,35
P0689,12,38,39,6,7,0,1,12,50,89,50,88,74,0,27,33,31,30,29
P0690,20,50,55,0,8,8,1,15,63,74,71,55,56,1,34,46,32,37,37
P0691,25,28,46,12,9,10,0,5,47,74,73,61,53,0,26,33,25,29,35
P0692,20,92,67,5,6,3,0,30,81,49,75,64,61,1,30,26,24,23,15
P0693,24,0,50,9,6,5,2,10,47,84,54,74,86,0,36,42,42,50,51
P0694,24,68,30,3,5,11,0,13,83,95,49,65,87,0,32,32,28,28,24
P0695,3,71,53,5,6,0,0,16,39,73,39,47,54,0,35,33,32,39,41
P0696,7,18,68,3,6,2,0,9,53,59,12,87,75,0,31,26,18,8,0
P0697,19,92,64,11,5,6,1,12,83,66,21,62,67,1,36,33,32,33,37
P0698,15,62,66,7,5,4,1,12,61,62,45,100,50,1,33,33,26,27,18
P0699,2,61,41,7,6,6,1,6,99,63,46,73,62,1,46,39,30,35,34
P0700,3,39,58,11,4,2,0,15,53,78,76,88,46,1,41,42,60,66,81
P0701,14,33,44,11,4,8,0,0,63,72,74,78,87,0,41,51,48,48,52
P0702,16,33,52,9,9,6,0,24,92,83,34,89,93,1,33,36,43,50,47
P0703,5,47,39,0,12,9,0,18,31,74,64,77,60,0,38,42,53,46,46
P0704,5,72,44,3,2,8,1,16,29,55,38,72,56,0,33,33,41,42,52
P0705,4,42,44,2,2,8,0,0,44,60,62,85,85,0,32,27,29,23,32
P0706,15,16,58,9,3,1,0,6,73,60,64,100,88,0,43,48,61,54,82
P0707,1,58,57,7,5,9,3,22,29,65,73,64,48,1,36,40,48,42,41
P0708,15,60,52,0,7,6,1,35,69,95,38,81,64,1,27,30,26,26,27
P0709,12,54,38,5,6,6,2,20,67,97,68,68,66,1,30,34,26,32,33
P0710,12,56,47,0,5,11,1,19,94,81,11,76,54,0,19,21,24,27,18
P0711,17,31,43,6,6,4,0,16,77,70,74,69,74,0,27,24,27,27,29
P0712,14,16,58,0,3,12,1,6,65,48,47,33,55,0,25,34,23,34,32
P0713,19,17,61,8,4,13,2,19,82,71,48,65,58,1,37,35,46,43,40
P0714,20,0,60,8,5,10,0,4,68,56,7,84,65,0,28,26,43,53,51
P0715,24,44,43,14,1,3,2,4,50,92,40,56,42,0,46,35,27,28,24
P0716,20,36,30,9,2,0,0,3,37,44,75,83,32,1,23,30,33,35,50
P0717,13,27,34,4,2,11,2,19,48,74,39,71,83,0,37,26,31,33,30
P0718,13,0,63,9,7,7,0,12,57,55,62,65,54,1,35,34,42,57,57
P0719,6,8,46,0,6,4,1,13,61,68,49,82,100,0,28,38,35,27,32
P0720,15,65,43,2,7,12,0,12,20,78,69,79,100,0,34,34,36,43,40
P0721,4,22,65,7,1,4,1,4,54,83,52,75,58,0,40,43,38,43,41
P0722,24,47,61,0,1,5,0,7,59,67,29,84,100,0,37,25,12,10,0
P0723,22,5,50,6,7,9,1,8,68,79,49,71,83,0,28,43,49,43,60
P0724,3,73,47,2,1,3,1,2,87,58,80,42,56,1,40,31,35,25,18
P0725,20,35,49,6,8,7,1,8,61,72,58,62,23,0,40,42,41,39,42
P0726,3,45,52,2,1,11,2,4,42,83,46,39,79,0,33,37,30,32,18
P0727,19,94,64,8,7,8,2,16,25,73,93,79,68,0,34,28,28,20,13
P0728,3,74,54,6,3,12,2,17,70,60,71,82,74,1,44,42,36,34,32
P0729,13,31,57,12,8,12,0,3,42,64,64,83,63,0,34,26,37,25,22
P0730,17,24,61,6,13,7,1,10,74,83,54,76,48,1,42,30,23,25,19
P0731,19,30,39,3,1,0,1,25,83,52,63,83,60,0,49,38,49,45,35
P0732,11,50,57,5,7,3,0,5,30,54,63,43,79,0,32,25,21,13,3
P0733,24,35,47,1,1,10,0,15,68,77,4,66,61,0,26,31,28,34,37
P0734,20,29,30,8,6,1,1,13,81,61,56,45,61,0,29,36,41,30,32
P0735,6,73,31,8,4,6,1,20,76,46,45,62,41,0,43,27,27,0,0
P0736,17,35,41,16,5,8,1,14,20,88,38,94,69,0,25,20,19,21,20
P0737,19,93,55,4,3,13,0,9,43,52,44,85,48,0,27,30,40,42,39
P0738,9,40,51,5,7,5,2,12,35,65,17,79,83,0,41,29,27,26,19
P0739,19,81,52,4,1,4,0,13,67,59,12,65,55,0,24,35,34,36,36
P0740,23,47,68,7,8,7,2,11,65,64,73,52,62,1,34,42,36,42,52
P0741,21,61,39,8,4,8,1,3,9,55,57,71,100,0,44,38,31,35,28
P0742,20,21,50,6,1,6,0,21,53,79,0,86,62,0,45,40,43,33,36
P0743,16,18,53,10,9,11,2,19,72,70,36,75,60,0,27,23,30,37,39
P0744,7,49,43,4,5,4,0,5,61,83,66,43,77,0,24,21,19,10,5
P0745,20,62,50,10,10,7,1,10,61,59,42,70,37,1,35,33,30,33,29
P0746,10,39,36,8,8,9,0,10,51,100,73,37,88,0,35,42,41,45,51
P0747,14,7,63,6,3,5,1,4,39,39,69,81,84,0,40,32,22,28,21
P0748,8,5,44,5,5,10,0,0,58,44,21,57,76,0,32,28,34,35,50
P0749,8,4,68,16,5,8,0,7,59,94,45,48,10,0,38,38,25,23,19
P0750,4,0,50,3,9,10,0,10,69,75,39,81,63,1,27,37,35,23,32
P0751,25,41,59,7,6,8,1,2,71,73,20,77,45,1,38,36,32,38,45
P0752,4,65,50,3,5,9,0,13,60,74,19,72,86,0,39,22,11,7,0
P0753,3,38,50,13,5,4,0,20,78,77,32,100,85,0,29,38,24,23,29
P0754,24,0,45,10,5,4,0,18,51,72,35,78,74,0,34,45,35,39,41
P0755,14,33,51,3,8,12,0,11,32,54,54,58,47,0,18,27,23,28,19
P0756,11,34,53,8,5,10,1,0,67,80,69,76,92,0,36,27,35,29,28
P0757,19,88,43,7,4,3,0,17,60,78,58,63,63,0,29,32,24,21,18
P0758,10,3,49,4,4,8,0,13,67,89,63,88,98,1,35,45,44,42,53
P0759,4,29,45,9,4,0,0,15,35,94,43,72,72,0,43,33,37,34,33
P0760,19,79,71,8,1,5,0,26,90,73,60,74,76,1,37,45,41,45,51
P0761,5,49,49,7,3,11,1,6,71,50,45,45,59,1,37,41,50,41,40
P0762,14,52,64,6,9,6,1,0,53,95,39,69,91,0,44,46,36,37,41
P0763,24,41,48,8,4,7,2,5,41,53,86,67,77,1,46,42,52,54,55
P0764,24,46,52,7,7,0,0,15,77,73,1,52,92,0,32,33,33,25,24
P0765,10,57,38,6,1,5,1,12,38,64,11,64,70,0,42,45,51,54,66
P0766,20,19,46,3,6,8,0,3,99,62,56,75,66,0,31,39,44,52,51
P0767,16,59,52,13,5,9,1,2,47,79,43,68,77,0,33,39,35,37,49
P0768,12,5,64,2,4,11,1,10,89,72,19,45,92,0,35,29,35,34,31
P0769,4,46,52,8,5,6,0,3,55,76,27,64,84,0,30,36,52,69,72
P0770,10,42,62,5,4,6,0,16,86,56,30,61,69,0,23,26,23,28,24
P0771,17,23,56,13,1,2,0,9,45,65,66,71,35,0,39,32,29,36,33
P0772,25,37,65,2,7,6,3,8,58,56,72,69,81,1,38,42,45,38,46
P0773,1,23,49,3,6,2,0,7,72,65,81,61,43,1,35,29,30,22,15
P0774,18,12,72,2,4,0,0,14,70,66,16,61,68,1,40,37,36,44,43
P0775,22,30,46,7,3,3,0,12,78,96,21,69,65,0,40,35,28,26,22
P0776,24,12,43,1,1,13,2,13,49,64,19,83,43,0,39,39,36,48,50
P0777,11,46,39,4,6,6,1,13,60,36,74,72,73,1,38,38,52,56,57
P0778,3,10,71,0,9,8,0,11,80,89,56,91,100,0,30,46,37,43,46
P0779,7,55,57,7,6,5,2,5,45,75,50,86,62,0,32,37,34,36,32
P0780,22,10,47,4,2,0,0,7,68,66,53,92,80,0,32,22,22,24,22
P0781,22,24,61,0,6,11,0,9,54,61,47,90,100,0,31,21,8,0,0
P0782,16,23,56,10,5,0,1,26,62,54,26,93,82,0,35,43,44,33,35
P0783,4,70,68,1,7,5,2,3,60,97,58,50,56,1,36,38,41,49,44
P0784,4,46,36,9,7,7,0,9,44,69,44,78,71,0,30,34,33,27,21
P0785,12,33,48,3,1,8,1,13,53,42,24,87,75,0,26,24,16,23,16
P0786,15,50,46,12,6,4,2,10,61,73,59,90,91,1,26,24,29,27,33
P0787,1,0,32,9,2,0,0,20,56,86,39,56,88,0,36,41,45,47,55
P0788,18,37,60,2,1,4,0,10,86,70,53,79,20,0,40,31,35,37,38
P0789,14,86,48,2,5,4,0,10,76,54,46,69,52,1,35,48,44,53,61
P0790,1,41,57,8,6,4,1,18,63,53,66,98,66,1,33,30,25,18,27
P0791,3,40,71,5,1,11,0,25,44,54,52,46,50,0,38,31,35,35,30
P0792,12,51,47,5,7,2,0,22,43,91,30,56,4,0,26,27,23,28,25
P0793,19,59,46,11,7,8,0,11,94,67,54,39,55,1,26,36,46,51,65
P0794,21,0,51,3,5,8,1,12,40,43,55,70,67,0,40,35,38,41,44
P0795,11,0,59,6,3,11,1,12,60,74,58,100,58,0,34,50,55,67,73
P0796,8,43,45,10,3,6,0,13,64,70,69,67,50,0,30,30,29,26,29
P0797,25,21,44,9,8,10,1,6,52,61,36,70,68,0,42,46,52,57,59
P0798,12,69,60,5,1,6,1,19,40,53,61,77,73,0,40,36,39,43,44
P0799,8,30,53,5,8,9,0,13,44,52,14,66,59,0,38,38,40,40,45
P0800,12,0,32,0,5,1,0,12,48,84,46,74,90,0,41,35,31,28,20
P0801,1,8,39,2,5,0,1,3,45,72,43,74,68,0,25,30,26,34,38
P0802,8,0,64,7,1,9,1,12,82,75,77,54,52,1,34,27,29,30,16
P0803,13,32,54,5,5,9,2,0,58,72,45,66,48,0,31,35,31,37,30
P0804,23,33,43,6,7,9,0,8,49,73,60,80,63,0,41,30,23,18,11
P0805,19,28,48,10,2,5,0,8,60,61,13,83,86,0,27,27,26,23,29
P0806,20,64,50,1,6,13,2,14,70,65,41,89,53,1,40,48,51,65,52
P0807,14,67,57,5,5,5,0,25,52,85,31,73,77,1,42,44,42,44,48
P0808,3,34,38,7,3,9,0,16,74,89,98,74,69,0,36,37,38,31,21
P0809,10,0,42,3,7,9,0,22,35,50,35,80,100,0,31,22,13,9,1
P0810,25,53,52,12,1,14,1,17,79,65,49,58,74,1,29,37,39,44,40
P0811,2,51,49,10,6,6,0,20,58,81,51,58,55,0,35,43,55,62,67
P0812,22,45,55,7,9,4,3,25,57,96,16,66,80,0,47,42,37,28,24
P0813,18,62,39,13,9,1,2,7,46,95,37,48,80,0,26,40,57,55,69
P0814,8,10,53,0,6,13,0,6,36,56,56,75,60,0,21,19,22,23,29
P0815,20,86,60,6,4,9,2,17,28,87,50,85,47,0,27,14,5,0,0
P0816,21,15,54,7,3,9,2,12,44,69,2,57,76,0,33,24,25,16,8
P0817,2,56,51,2,4,19,1,14,69,84,37,75,68,0,42,49,51,51,55
P0818,3,0,49,7,6,8,0,10,41,80,68,58,41,0,34,31,26,26,32
P0819,17,16,42,2,3,2,1,8,30,49,60,52,71,0,33,37,45,41,50
P0820,25,74,49,9,7,6,1,23,42,76,72,100,56,0,32,30,35,20,15
P0821,1,32,61,10,10,3,1,4,51,83,28,52,41,0,44,44,46,47,45
P0822,17,58,49,7,5,5,0,17,52,68,74,48,61,1,50,52,52,50,46
P0823,4,44,42,0,2,5,1,16,56,64,47,71,89,0,39,38,41,31,31
P0824,17,35,46,2,2,5,2,1,77,44,80,72,88,1,40,42,47,37,32
P0825,16,71,52,8,7,1,0,6,80,78,48,79,83,1,42,38,39,35,40
P0826,3,32,47,6,5,13,0,7,94,71,7,100,72,0,28,24,33,32,28
P0827,18,0,54,0,7,8,1,16,29,54,65,56,77,0,35,39,35,35,45
P0828,23,19,55,11,4,6,0,9,43,63,39,59,69,0,27,36,31,37,34
P0829,22,51,58,7,7,10,1,11,71,70,40,94,48,1,38,44,43,56,50
P0830,1,47,63,3,5,9,1,2,50,60,19,83,52,0,41,41,23,26,21
P0831,7,0,59,10,3,8,0,28,73,68,80,81,57,0,27,29,14,15,2
P0832,7,21,42,3,4,10,0,12,62,42,38,59,91,0,36,40,50,55,58
P0833,12,24,42,3,2,8,2,15,86,88,80,86,85,0,40,34,36,26,26
P0834,4,29,49,7,10,10,1,8,77,68,39,81,49,1,27,32,20,21,25
P0835,22,5,46,13,5,10,0,7,77,52,29,71,68,1,30,15,26,18,21
P0836,20,23,40,12,7,8,1,25,51,31,74,59,60,0,54,45,32,42,24
P0837,21,21,46,7,4,6,0,0,56,83,47,70,64,0,31,31,30,18,15
P0838,5,57,46,8,2,13,1,14,53,76,47,94,58,0,37,42,30,36,22
P0839,1,57,44,9,4,5,0,4,31,71,22,50,91,0,36,39,42,43,55
P0840,23,35,47,1,8,9,0,9,84,81,39,55,67,1,41,44,45,41,40
P0841,8,29,61,9,4,9,3,8,71,81,57,58,71,0,42,51,47,51,43
P0842,17,41,52,3,3,5,2,5,52,71,22,61,71,0,34,30,32,36,35
P0843,23,18,72,7,5,4,0,12,81,64,37,68,50,0,38,41,49,52,51
P0844,1,10,52,5,6,6,1,0,47,62,40,83,69,0,32,27,23,30,17
P0845,1,15,47,8,9,5,1,10,25,74,49,75,85,0,35,21,21,4,0
P0846,1,23,50,6,6,1,0,11,76,89,78,69,92,1,39,37,35,39,42
P0847,4,10,52,0,7,4,2,2,35,66,42,72,47,0,31,31,36,34,42
P0848,2,42,54,7,7,8,1,23,54,90,34,78,41,0,26,21,23,20,16
P0849,21,56,69,9,2,12,1,8,62,74,100,41,68,1,59,52,59,65,65
P0850,16,0,42,8,3,9,0,10,65,74,39,85,86,0,32,29,21,21,17
P0851,25,39,58,6,2,0,0,8,73,100,44,55,73,0,40,36,42,52,53
P0852,21,33,52,13,2,10,1,11,68,93,41,61,79,0,35,43,57,66,66
P0853,25,46,36,7,7,5,0,21,68,93,42,73,44,1,36,41,31,36,34
P0854,6,38,57,8,6,9,1,29,44,56,50,67,57,0,39,32,37,33,34
P0855,8,3,61,10,5,7,0,17,63,100,66,76,30,1,30,45,32,41,39
P0856,22,8,42,7,1,6,0,20,31,67,56,70,65,0,26,33,45,54,62
P0857,7,39,50,2,10,7,1,24,86,65,70,63,30,1,37,42,40,46,42
P0858,2,63,34,0,3,7,1,14,33,36,69,92,90,0,30,46,50,61,71
P0859,17,0,39,4,10,12,0,23,52,73,52,79,93,0,39,50,40,48,46
P0860,21,46,59,9,1,7,1,18,34,52,56,73,69,0,37,36,37,25,20
P0861,25,67,46,5,3,11,1,13,45,74,70,79,41,1,39,28,29,21,16
P0862,24,34,40,9,1,11,2,14,58,51,26,57,73,0,36,33,37,36,42
P0863,4,51,52,7,6,10,0,0,48,95,98,100,99,0,25,19,17,5,3
P0864,20,21,45,11,2,0,0,14,79,76,38,51,75,1,33,43,28,32,27
P0865,22,35,46,5,2,11,0,1,62,100,41,70,87,0,33,31,28,28,26
P0866,18,0,57,8,2,5,2,1,50,53,24,63,59,0,25,33,34,27,28
P0867,21,0,40,8,7,10,3,13,56,91,24,63,52,0,32,34,39,45,65
P0868,21,61,42,12,7,3,0,4,80,41,67,61,66,0,52,43,41,51,48
P0869,12,14,51,0,10,2,0,12,74,71,93,56,34,1,34,29,18,11,0
P0870,2,27,59,4,3,15,0,13,38,59,37,87,100,0,31,26,19,19,17
P0871,12,5,61,9,6,3,0,13,46,61,55,49,69,0,30,32,33,33,31
P0872,6,4,44,12,2,12,0,6,67,60,52,84,82,1,36,33,42,36,43
P0873,3,34,58,7,4,7,0,18,64,54,68,78,59,0,32,38,48,47,53
P0874,4,20,43,5,4,5,0,11,39,49,92,62,41,1,29,42,47,48,49
P0875,18,47,66,9,6,7,0,15,71,61,78,77,91,1,33,36,43,46,48
P0876,13,49,40,9,8,2,0,4,42,70,43,65,48,0,28,37,33,34,21
P0877,14,46,62,5,7,7,0,11,81,85,59,50,73,1,35,25,44,51,56
P0878,19,44,44,7,3,3,1,20,68,72,61,51,75,1,36,25,26,22,22
P0879,14,76,68,11,7,5,1,19,38,85,48,78,68,1,37,30,43,49,47
P0880,16,12,55,14,5,11,0,6,48,46,26,78,54,0,38,35,33,28,28
P0881,3,37,41,9,4,8,0,8,48,62,32,72,64,0,29,30,24,20,10
P0882,22,65,45,6,3,1,0,5,61,79,71,62,51,0,40,34,43,47,47
P0883,12,68,57,6,4,10,0,7,54,73,73,65,81,0,42,53,63,67,75
P0884,4,4,59,8,9,7,1,2,37,55,44,63,77,0,44,44,38,32,36
P0885,21,31,49,6,6,5,0,11,33,82,53,40,67,0,50,55,53,63,67
P0886,19,71,50,7,5,10,1,16,68,60,72,69,57,1,37,26,20,7,10
P0887,2,50,57,2,4,6,0,7,63,56,14,76,100,0,49,28,32,33,21
P0888,5,43,51,11,11,2,0,11,60,75,39,69,45,0,34,33,31,32,30
P0889,1,33,38,1,8,14,1,10,63,68,88,96,41,0,39,41,34,33,39
P0890,7,29,43,4,3,7,2,19,47,60,54,52,66,0,34,43,28,24,29
P0891,3,45,52,6,4,7,1,8,61,60,25,57,63,0,33,33,35,34,27
P0892,18,32,61,14,4,5,0,8,100,52,50,70,86,1,43,37,39,34,30
P0893,14,37,65,4,5,12,0,6,79,62,68,72,78,1,40,48,30,42,37
P0894,25,40,57,3,3,5,1,4,53,85,0,38,68,0,22,27,24,31,22
P0895,19,22,53,4,6,1,0,16,49,72,52,78,76,0,32,26,36,24,20
P0896,16,51,57,13,9,4,1,11,7,82,41,72,75,0,39,37,40,30,47
P0897,13,108,44,0,2,12,2,12,77,76,15,34,100,0,36,38,33,20,25
P0898,2,0,49,2,2,10,2,21,72,59,50,66,71,0,32,32,24,18,22
P0899,2,46,43,17,4,6,4,21,48,43,45,55,55,0,24,38,39,35,50
P0900,16,20,39,8,4,12,1,0,32,54,48,61,70,0,33,36,49,57,59
P0901,1,52,53,2,10,10,1,17,37,58,41,47,22,0,28,32,38,45,51
P0902,2,39,52,6,8,6,1,14,66,57,28,75,66,0,31,32,35,38,48
P0903,6,56,56,6,7,6,1,9,56,83,19,96,86,0,30,28,25,20,23
P0904,23,66,55,9,4,8,0,14,70,83,34,72,77,0,39,40,32,37,45
P0905,12,43,52,13,4,4,2,0,60,100,65,33,72,1,36,45,42,45,53
P0906,18,65,55,8,1,7,0,22,75,57,53,73,78,0,45,37,18,9,7
P0907,11,0,50,4,7,8,1,16,65,92,47,65,86,0,39,40,38,43,38
P0908,5,76,54,9,6,0,1,6,73,92,27,50,91,0,42,38,41,44,47
P0909,10,47,43,3,8,6,0,8,20,65,41,74,75,0,39,32,24,27,24
P0910,3,64,53,2,4,6,0,0,36,75,63,82,62,1,35,44,44,35,44
P0911,20,9,56,0,5,11,3,10,51,87,58,57,28,0,35,39,44,29,39
P0912,5,18,44,0,5,0,1,9,77,67,38,42,84,0,27,21,21,13,7
P0913,10,42,50,2,7,5,2,3,92,66,0,36,76,0,32,44,40,40,29
P0914,25,38,44,1,1,5,1,17,55,59,35,57,70,0,26,14,17,11,6
P0915,15,45,45,7,7,11,0,21,47,33,38,66,55,0,27,41,40,49,45
P0916,12,64,40,1,5,7,2,12,23,69,30,60,83,0,35,44,41,38,50
P0917,14,0,61,0,2,14,1,10,74,57,40,57,63,0,34,29,32,35,41
P0918,20,61,60,2,1,10,1,15,48,52,64,77,66,0,39,36,37,35,36
P0919,7,38,55,4,5,5,0,12,100,74,47,75,66,0,27,19,34,34,35
P0920,16,33,68,4,9,8,2,4,45,46,68,71,75,1,54,42,32,27,28
P0921,22,3,48,12,9,6,0,7,96,80,18,81,47,0,37,29,36,29,28
P0922,15,50,75,4,6,10,0,10,71,75,42,57,77,0,21,29,21,23,15
P0923,12,0,48,10,10,2,3,14,39,62,9,50,55,0,31,44,42,49,53
P0924,4,54,52,6,5,4,1,12,62,67,39,60,55,1,39,45,46,45,50
P0925,7,2,46,6,7,9,1,13,72,50,27,59,82,1,29,40,41,44,37
P0926,24,39,53,3,4,12,0,1,54,79,74,35,50,1,37,42,47,55,57
P0927,14,35,58,6,4,0,0,17,73,71,56,59,82,0,32,31,30,29,28
P0928,8,66,49,3,3,12,2,12,73,72,68,86,69,0,37,40,39,35,38
P0929,11,34,66,7,1,6,0,30,69,76,39,81,39,0,33,31,26,29,29
P0930,15,21,52,5,8,0,1,9,58,58,28,76,90,0,38,28,19,12,6
P0931,14,26,52,2,3,0,0,14,37,45,27,70,72,0,31,32,22,18,17
P0932,18,69,42,10,3,1,4,32,57,82,53,91,74,0,40,35,41,43,44
P0933,7,51,54,8,2,7,0,13,61,78,84,51,84,0,41,24,30,13,18
P0934,17,29,49,4,4,7,0,12,24,60,56,53,92,0,33,25,27,25,16
P0935,12,32,45,7,9,10,2,5,61,74,41,86,70,0,33,26,36,37,32
P0936,24,0,43,6,10,5,0,23,56,87,44,68,77,0,35,30,27,24,32
P0937,4,47,74,3,1,3,0,4,35,85,47,57,73,0,26,33,32,46,48
P0938,4,0,48,6,4,5,0,15,52,60,89,77,61,0,34,29,48,41,37
P0939,12,56,37,4,2,7,1,9,52,46,73,61,40,0,51,41,37,28,32
P0940,13,41,44,2,7,8,0,11,93,48,53,55,71,1,27,34,40,49,45
P0941,18,95,50,0,6,4,2,2,62,63,50,54,90,1,31,35,35,51,51
P0942,11,12,55,5,3,11,0,21,77,90,54,73,77,0,34,26,17,13,7
P0943,23,36,55,8,5,5,0,10,56,57,58,71,49,0,40,45,42,42,47
P0944,12,81,56,3,4,4,0,3,24,59,40,92,86,0,41,28,27,25,28
P0945,4,67,44,16,9,5,0,21,70,59,31,63,62,1,51,50,48,36,37
P0946,3,21,53,10,6,11,0,8,46,60,69,63,31,0,32,42,49,57,64
P0947,25,43,42,11,7,6,0,14,52,68,48,91,84,0,43,39,45,47,49
P0948,4,38,44,9,1,4,0,18,39,49,67,84,51,0,44,47,34,44,36
P0949,24,45,42,13,5,11,0,15,59,84,81,70,97,0,39,40,34,39,37
P0950,7,21,39,3,10,16,1,0,77,66,58,43,87,1,38,39,43,51,53
P0951,3,36,60,0,8,8,0,17,75,100,55,55,63,0,36,42,28,23,24
P0952,8,0,56,4,1,12,1,11,87,50,100,51,75,1,35,39,32,38,22
P0953,16,41,59,8,4,11,1,10,89,92,52,69,100,1,45,38,48,47,51
P0954,11,49,50,7,2,5,1,11,21,89,26,60,84,0,28,22,14,9,12
P0955,20,33,57,7,9,7,2,1,37,62,42,94,71,0,36,47,42,43,57
P0956,16,0,34,11,6,2,0,13,25,62,79,43,100,0,39,23,23,12,5
P0957,11,62,58,8,3,6,0,2,69,54,22,49,69,1,25,27,26,24,20
P0958,16,47,52,9,5,4,1,10,46,54,33,72,77,0,47,36,28,17,10
P0959,25,21,56,2,1,5,0,13,49,68,70,76,51,1,39,40,24,29,32
P0960,11,31,53,2,2,4,2,20,54,68,43,27,39,1,31,42,42,46,58
P0961,4,2,41,12,5,6,0,6,65,44,46,40,62,1,44,49,53,55,64
P0962,11,13,37,6,7,9,0,22,31,100,69,64,68,0,29,32,33,36,49
P0963,22,25,44,4,1,7,1,19,35,64,34,90,73,0,34,25,18,19,5
P0964,6,67,55,4,4,0,1,9,58,69,19,98,43,0,37,31,25,24,13
P0965,24,23,56,3,8,4,0,4,80,59,20,61,78,0,36,35,38,39,38
P0966,15,53,38,3,1,1,0,2,58,64,60,65,53,1,45,37,40,42,46
P0967,16,25,41,1,6,8,0,14,44,63,53,55,77,0,33,36,34,25,17
P0968,8,44,43,0,5,9,1,7,19,68,34,78,83,0,27,26,27,20,19
P0969,24,35,47,5,9,8,0,20,75,68,25,92,60,0,32,36,21,21,19
P0970,1,59,38,4,4,4,1,7,45,80,43,88,51,0,44,49,49,61,69
P0971,8,25,37,10,5,8,1,6,37,71,70,68,93,0,33,28,29,36,28
P0972,11,0,43,7,7,5,1,14,27,79,31,55,82,0,45,37,41,40,46
P0973,12,5,51,7,2,2,4,7,32,68,35,68,70,0,27,39,39,20,29
P0974,12,25,39,3,4,10,1,12,41,71,24,90,92,0,38,38,44,44,52
P0975,4,8,49,6,4,10,1,19,54,64,41,62,68,0,43,22,29,16,14
P0976,6,48,60,7,5,11,0,13,36,83,55,39,56,0,33,41,43,44,42
P0977,3,27,38,9,7,5,1,13,61,73,90,62,50,1,51,38,38,23,25
P0978,15,95,48,6,6,12,1,13,54,66,52,64,65,1,42,40,39,49,62
P0979,9,0,59,10,3,5,2,0,98,65,47,39,80,1,44,32,17,11,8
P0980,15,43,46,6,5,10,0,15,27,66,65,72,91,0,44,31,45,44,39
P0981,15,11,45,9,9,5,0,13,61,68,62,76,67,0,30,33,49,49,50
P0982,18,26,60,4,3,6,0,18,61,67,36,98,88,0,34,32,31,43,46
P0983,14,41,47,0,5,0,0,16,39,60,94,47,63,1,37,44,35,44,47
P0984,17,0,60,7,5,6,1,11,60,79,48,80,54,0,40,43,31,30,23
P0985,15,44,54,9,5,7,0,19,72,80,53,83,45,1,44,34,34,28,26
P0986,17,84,47,8,1,5,0,10,60,95,59,76,58,1,38,42,46,58,55
P0987,16,27,54,8,9,14,1,14,83,59,55,52,45,1,36,49,40,44,40
P0988,8,44,53,5,3,2,0,10,19,78,79,51,100,0,40,43,39,47,55
P0989,7,63,59,3,8,5,1,15,43,39,36,70,74,1,40,39,36,41,36
P0990,20,34,45,8,3,3,1,9,85,80,64,69,65,1,36,27,30,30,27
P0991,9,24,50,8,3,5,1,24,74,46,51,59,96,0,34,42,35,39,50
P0992,14,0,49,4,8,11,2,26,68,53,68,89,45,1,45,42,38,47,47
P0993,5,53,56,10,7,13,0,18,80,73,44,62,65,0,28,32,33,33,19
P0994,11,35,41,2,6,4,1,23,24,59,41,38,100,0,33,31,28,10,11
P0995,14,14,59,4,7,4,1,1,72,57,63,64,65,1,45,48,48,54,55
P0996,16,41,54,13,4,2,0,2,77,61,55,76,100,0,42,38,41,46,45
P0997,14,24,38,9,5,12,0,10,46,79,32,73,80,0,34,29,24,24,15
P0998,10,25,61,5,3,11,0,12,100,54,75,73,89,1,29,43,39,41,52
P0999,25,53,70,7,7,7,0,11,62,67,63,92,90,1,45,56,49,39,48
P1000,13,6,59,7,3,1,0,1,19,62,47,50,67,0,24,29,33,39,31
P1001,21,63,63,0,9,2,0,20,65,80,39,61,59,1,28,35,44,43,48
P1002,19,4,51,2,4,8,1,27,45,81,55,93,65,0,36,35,45,50,46
P1003,14,22,35,6,5,9,1,21,79,40,61,37,50,1,41,48,37,42,40
P1004,23,84,33,5,7,0,0,20,68,84,16,67,66,1,39,39,49,33,35
P1005,4,65,52,7,5,6,0,14,47,59,56,88,67,0,35,40,49,41,59
P1006,24,40,45,11,4,13,2,6,85,72,61,87,96,1,34,35,26,24,25
P1007,22,15,42,5,5,6,2,13,75,54,1,79,77,0,36,47,42,44,48
P1008,13,25,49,2,7,13,2,27,43,74,52,79,100,0,34,37,29,39,41
P1009,19,40,56,7,3,10,0,10,55,100,62,51,30,1,32,31,37,35,39
P1010,14,39,37,5,5,3,0,9,67,70,60,90,46,0,25,42,46,45,51
P1011,7,36,46,5,5,6,1,20,51,61,64,49,61,0,30,39,45,33,41
P1012,20,37,64,5,7,6,0,20,52,65,41,50,92,0,23,32,32,39,38
P1013,7,33,40,15,5,3,0,6,59,46,27,74,65,0,42,48,45,43,45
P1014,8,3,58,0,10,3,1,10,39,90,12,60,42,0,31,34,32,28,19
P1015,13,26,46,4,5,13,1,8,18,73,70,71,63,0,28,41,48,46,47
P1016,21,60,55,6,4,3,0,12,62,52,62,75,47,1,32,34,32,42,41
P1017,10,5,60,3,5,11,0,20,22,53,71,96,43,0,24,32,37,22,25
P1018,13,33,57,10,2,5,0,6,40,68,33,75,100,0,27,33,34,28,47
P1019,2,18,58,9,2,7,0,20,26,82,64,58,61,0,40,32,26,26,25
P1020,3,41,40,6,4,9,0,13,28,51,18,79,70,0,33,28,27,28,32
P1021,2,29,60,5,8,5,0,28,66,85,31,55,65,0,39,34,30,27,26
P1022,2,73,42,6,5,9,0,14,54,67,51,83,63,0,38,42,45,41,52
P1023,22,50,52,6,4,0,1,11,53,54,61,69,53,1,39,38,31,33,34
P1024,22,7,52,6,8,9,0,16,34,61,82,74,62,0,35,41,42,44,48
P1025,21,54,54,5,9,0,0,10,46,94,43,40,73,0,48,45,49,49,49
P1026,2,19,53,7,8,6,4,0,65,47,31,32,91,0,43,41,44,28,32
P1027,2,24,42,9,3,10,1,10,57,57,30,44,83,0,36,45,54,51,61
P1028,8,46,38,1,4,9,1,10,73,82,34,96,46,0,39,32,37,33,26
P1029,15,26,58,2,10,2,0,1,75,71,92,50,84,1,35,28,21,17,14
P1030,9,59,52,0,6,2,3,11,53,56,63,80,75,1,33,28,40,42,45
P1031,13,19,60,9,4,4,0,0,25,82,70,58,56,0,40,32,15,10,7
P1032,5,23,50,7,7,8,0,10,44,83,43,64,70,0,37,41,50,56,60
P1033,19,22,37,8,8,0,0,14,56,73,48,67,77,1,44,41,42,40,43
P1034,8,24,59,0,4,7,1,13,44,59,62,94,68,0,22,22,21,11,8
P1035,2,64,47,13,6,8,1,9,39,61,38,77,75,0,44,31,29,25,26
P1036,19,53,53,4,7,6,2,11,59,72,42,74,52,0,31,35,18,9,10
P1037,23,79,44,7,2,9,0,7,100,48,35,89,100,1,25,34,35,46,42
P1038,1,92,65,9,5,8,0,12,49,88,39,58,34,0,27,32,19,14,4
P1039,11,13,42,2,2,5,0,12,58,94,49,85,77,0,40,40,47,49,48
P1040,21,40,47,4,3,0,1,6,34,64,32,82,73,0,27,32,24,22,18
P1041,18,10,51,7,4,8,0,14,80,73,54,82,78,0,33,23,26,23,23
P1042,22,19,40,17,6,3,3,14,74,86,54,66,55,1,54,53,53,54,46
P1043,11,23,53,7,4,5,1,11,73,97,44,61,87,0,32,37,48,51,49
P1044,10,13,65,12,3,9,0,29,82,91,31,54,65,0,31,45,44,45,51
P1045,18,13,46,11,5,13,2,11,50,42,50,55,47,0,33,26,23,19,19
P1046,4,35,54,7,2,7,0,10,53,63,38,53,48,0,27,30,37,24,21
P1047,6,9,30,2,6,9,0,9,89,76,49,74,69,0,36,33,26,30,31
P1048,16,58,50,10,8,1,2,5,69,61,70,64,40,1,32,40,45,30,47
P1049,17,16,47,0,5,8,0,17,18,95,23,75,98,0,36,39,30,31,25
P1050,3,105,43,12,4,7,2,7,66,92,91,76,85,1,33,31,27,24,19
P1051,13,27,60,7,6,12,2,8,48,56,47,51,98,0,27,29,27,20,13
P1052,10,40,47,0,1,5,1,8,74,66,56,51,96,1,44,37,34,39,42
P1053,13,7,48,5,6,6,2,5,65,57,33,64,61,1,45,53,50,53,45
P1054,24,79,47,9,13,11,1,0,27,65,71,56,52,1,47,50,52,41,51
P1055,2,65,33,5,5,7,1,9,63,65,45,54,21,0,34,34,32,38,39
P1056,25,45,40,9,5,3,0,18,62,82,40,95,60,0,32,19,25,23,19
P1057,12,6,59,3,7,17,1,13,65,55,36,43,97,0,23,21,27,26,23
P1058,20,43,31,1,9,3,3,23,68,29,43,100,53,0,36,28,28,25,26
P1059,11,11,43,6,7,7,2,17,85,44,56,73,63,1,38,35,34,46,45
P1060,8,73,46,6,1,8,1,16,65,53,51,84,58,1,34,32,37,42,32
P1061,20,57,66,5,6,8,0,25,58,58,47,82,73,0,35,33,33,37,31
P1062,18,40,57,11,11,6,1,11,79,71,34,78,89,0,31,34,38,38,36
P1063,4,0,45,3,7,6,0,12,98,52,33,95,41,1,33,39,46,52,57
P1064,18,14,62,7,2,6,0,12,74,50,39,51,44,0,31,40,45,54,43
P1065,19,55,43,6,6,3,0,23,62,54,57,65,92,1,30,36,34,27,38
P1066,10,67,59,0,2,16,0,12,66,51,61,54,79,1,40,34,25,19,31
P1067,24,65,38,1,8,6,1,7,63,60,64,41,63,1,40,46,50,47,54
P1068,17,0,60,6,3,9,2,16,58,59,48,57,96,1,43,42,36,39,39
P1069,9,45,46,14,5,6,0,6,97,78,56,98,44,1,33,25,19,4,15
P1070,1,62,41,8,3,6,3,16,45,53,45,65,83,0,45,42,42,36,31
P1071,17,0,48,0,4,5,3,15,79,63,13,100,66,0,31,32,33,32,29
P1072,6,38,52,0,9,1,1,11,56,60,44,100,77,1,33,36,28,29,21
P1073,19,45,46,9,5,6,2,16,31,80,40,100,26,0,44,43,42,41,40
P1074,14,31,55,6,4,5,0,2,55,66,27,98,63,0,33,29,32,22,27
P1075,12,0,45,11,2,12,1,13,48,84,37,100,80,0,37,35,34,30,30
P1076,5,30,56,2,1,2,1,9,68,51,51,73,66,0,37,43,52,50,58
P1077,18,30,54,7,2,5,1,32,60,67,25,72,88,0,38,28,21,24,15
P1078,5,34,49,9,5,3,1,13,40,59,34,73,88,0,39,33,51,60,70
P1079,11,24,46,4,7,13,1,8,84,50,79,68,51,1,49,44,50,44,46
P1080,21,27,51,4,4,4,2,2,78,67,16,70,81,0,28,37,41,41,35
P1081,24,37,55,6,9,9,0,21,87,94,44,80,50,0,32,40,27,32,39
P1082,25,49,69,8,3,11,1,10,62,55,25,61,68,1,31,30,20,21,13
P1083,24,31,58,6,4,6,0,6,57,66,33,46,78,0,32,30,22,25,18
P1084,14,28,59,10,2,1,1,14,71,48,44,74,53,0,30,34,40,36,34
P1085,6,40,75,4,7,2,2,17,48,46,28,57,80,0,41,37,40,51,47
P1086,21,0,55,1,10,10,0,16,60,56,59,59,58,1,22,16,19,13,5
P1087,21,49,54,14,1,2,0,12,55,61,75,66,57,1,35,27,27,28,22
P1088,25,38,56,4,4,9,0,13,32,62,65,62,79,0,21,24,32,30,31
P1089,17,39,41,4,8,7,2,14,60,65,68,86,53,0,43,47,43,50,46
P1090,4,61,46,6,1,9,0,14,50,43,20,65,52,0,33,43,48,39,43
P1091,13,0,45,6,6,9,1,15,54,59,43,87,85,0,38,38,36,24,20
P1092,12,0,56,4,8,3,1,20,65,76,57,71,69,1,30,24,23,20,0
P1093,22,45,48,6,5,3,0,12,81,48,65,67,42,1,37,31,47,37,45
P1094,10,38,51,6,6,10,2,6,43,63,83,71,82,1,33,40,47,45,59
P1095,9,42,60,7,9,4,1,11,52,72,69,47,60,0,20,29,25,28,23
P1096,3,27,58,0,10,0,0,17,44,56,66,73,43,1,36,40,31,25,27
P1097,21,54,49,14,5,10,0,0,43,73,100,82,24,1,24,30,27,25,21
P1098,19,60,44,5,4,3,2,0,47,45,50,84,82,0,41,46,32,52,47
P1099,2,50,60,8,3,9,1,18,54,81,42,46,52,0,40,44,35,28,32
P1100,11,32,57,0,7,13,0,23,69,73,52,44,46,1,41,39,47,52,57
P1101,12,0,36,4,2,7,0,3,64,69,30,59,78,0,30,52,43,54,53
P1102,12,56,47,3,4,11,0,13,39,85,49,90,81,0,36,26,29,39,46
P1103,23,67,51,12,5,8,3,9,81,63,13,72,54,1,33,24,19,11,7
P1104,4,53,57,4,4,13,1,10,75,59,37,56,83,1,50,36,26,39,29
P1105,8,17,58,9,6,3,0,14,42,89,46,45,100,0,44,38,41,31,32
P1106,5,54,53,3,11,7,0,3,80,96,67,57,90,1,38,28,24,24,10
P1107,7,59,55,4,5,10,2,4,64,58,70,56,87,1,41,37,31,47,42
P1108,23,75,51,5,4,6,0,10,55,66,29,83,72,0,22,31,22,27,28
P1109,24,17,44,11,8,12,1,11,64,84,90,84,59,1,25,17,17,12,0
P1110,2,33,48,0,6,5,0,4,58,67,51,51,66,0,34,35,43,42,49
P1111,16,56,50,1,9,15,1,18,68,77,53,80,74,0,28,38,28,37,28
P1112,6,39,50,0,5,15,2,9,61,80,16,78,46,1,34,37,32,37,36
P1113,5,11,33,2,4,8,0,9,52,60,36,49,54,0,40,41,39,40,42
P1114,8,48,46,3,1,9,1,14,22,74,69,67,43,0,31,30,24,24,24
P1115,5,52,51,0,1,12,0,11,67,68,51,73,71,0,27,29,35,46,56
P1116,13,40,47,3,1,2,0,18,51,50,50,71,68,0,19,25,24,31,31
P1117,25,43,48,0,6,2,0,5,72,53,53,41,56,0,26,25,32,45,46
P1118,15,32,54,2,2,12,1,2,67,58,19,70,81,0,43,35,34,24,21
P1119,19,73,40,11,8,8,0,10,52,82,46,78,49,0,38,42,49,47,53
P1120,13,16,35,8,5,6,1,12,76,82,76,93,55,0,45,40,28,29,21
P1121,1,24,47,7,4,7,1,3,62,79,70,57,80,1,35,43,51,59,70
P1122,3,38,57,2,3,0,1,2,61,75,45,59,83,0,37,36,27,22,19
P1123,7,59,65,0,7,6,1,13,56,74,79,65,53,1,41,36,44,47,56
P1124,7,2,57,1,3,4,1,7,88,72,23,73,71,0,31,38,33,29,27
P1125,22,7,37,6,3,11,2,2,45,74,29,70,54,0,32,39,41,45,49
P1126,22,0,48,9,8,11,0,19,52,75,85,78,64,0,40,30,35,30,38
P1127,22,39,52,10,6,9,0,8,36,47,60,50,69,1,26,28,28,8,14
P1128,16,11,52,9,4,9,2,20,71,56,42,74,77,0,38,31,16,0,0
P1129,14,29,55,3,7,1,0,12,48,53,47,56,72,0,43,51,56,71,76
P1130,17,54,42,6,5,9,1,14,50,85,32,66,72,0,43,40,37,42,42
P1131,11,23,51,5,6,10,0,11,49,93,54,95,49,0,36,20,14,0,0
P1132,17,44,54,5,3,12,0,0,59,35,52,46,74,0,37,34,35,42,36
P1133,20,31,57,14,10,15,1,4,35,91,48,64,76,1,35,33,39,45,50
P1134,20,54,43,0,4,0,1,11,18,69,25,48,79,0,38,25,28,23,17
P1135,16,49,47,5,9,5,0,15,66,83,53,70,55,0,30,33,29,27,21
P1136,2,21,30,11,5,4,1,0,20,76,37,85,83,0,29,33,32,29,29
P1137,19,34,44,0,7,8,0,12,73,90,28,71,45,0,35,39,34,35,43
P1138,10,63,45,3,7,7,0,4,86,71,73,66,60,1,45,40,42,42,34
P1139,19,47,41,4,8,6,2,14,55,48,91,89,62,0,12,18,26,38,38
P1140,14,4,51,5,3,11,0,12,81,66,87,73,46,1,36,48,41,41,53
P1141,23,54,49,0,8,3,1,17,58,76,61,81,62,0,30,33,21,28,32
P1142,9,12,30,8,10,3,1,19,87,65,43,79,71,1,42,26,27,23,11
P1143,24,72,52,9,4,3,0,15,50,78,47,22,36,1,46,36,44,37,41
P1144,22,63,42,8,5,6,1,18,15,67,56,67,60,1,48,41,43,56,55
P1145,9,45,54,3,4,2,0,10,57,59,40,51,37,0,33,36,28,42,32
P1146,13,42,38,6,4,7,1,32,89,52,74,55,100,0,34,22,35,35,40
P1147,14,33,50,2,9,6,1,3,68,62,7,92,71,0,33,33,35,40,46
P1148,20,54,47,5,2,4,0,8,49,71,42,62,69,0,36,41,46,41,46
P1149,18,29,53,15,3,10,1,18,64,39,64,98,71,0,19,14,28,20,22
P1150,22,44,51,6,9,7,0,17,75,56,31,45,77,0,46,47,41,44,47
P1151,10,59,48,1,7,11,2,15,56,38,43,51,84,0,35,45,50,62,71
P1152,13,25,36,7,10,6,2,17,100,59,60,80,40,1,42,31,26,31,15
P1153,11,23,37,1,4,7,1,0,49,86,78,63,89,0,22,23,25,38,34
P1154,23,9,45,1,5,5,0,23,76,50,22,73,88,0,37,33,44,54,59
P1155,8,12,50,2,3,7,2,11,72,79,21,66,66,0,25,9,19,1,9
P1156,15,0,45,4,5,10,1,21,45,100,29,66,65,0,32,39,44,41,60
P1157,4,56,56,10,1,5,0,0,50,90,17,63,14,0,28,38,40,51,48
P1158,22,81,47,8,7,9,2,14,76,70,19,71,46,1,42,28,18,28,16
P1159,10,72,41,8,6,4,2,8,61,81,29,78,76,0,38,42,38,46,41
P1160,9,0,47,2,5,10,0,16,64,47,73,94,87,0,35,36,37,32,38
P1161,15,55,52,4,4,5,0,14,29,44,42,65,79,0,34,33,27,37,32
P1162,13,72,53,7,3,10,0,15,70,68,49,62,66,1,38,32,38,34,29
P1163,22,27,67,3,7,7,2,5,63,74,29,60,100,0,35,42,42,54,55
P1164,14,40,44,5,2,13,1,12,57,84,61,92,84,0,35,42,37,29,36
P1165,13,0,49,8,6,2,0,11,64,59,86,79,60,1,42,35,33,34,28
P1166,3,44,54,5,10,1,1,15,51,71,30,38,100,0,53,51,41,51,47
P1167,1,12,50,7,9,5,1,19,47,70,82,37,48,1,48,48,45,44,43
P1168,10,43,45,12,1,1,0,13,54,66,55,55,42,1,24,25,16,18,13
P1169,25,1,36,5,4,1,1,3,50,67,48,72,60,1,30,40,28,29,25
P1170,23,51,45,11,6,9,0,13,97,55,56,67,54,1,35,32,26,36,33
P1171,16,63,40,8,5,7,1,30,74,72,56,76,61,0,45,41,49,51,47
P1172,16,19,34,0,2,5,3,24,41,71,85,65,81,0,37,34,42,44,55
P1173,10,11,43,2,6,5,1,0,95,61,58,90,66,0,40,42,44,38,44
P1174,5,0,41,3,5,5,0,12,50,78,59,80,67,0,22,21,22,16,13
P1175,1,32,55,3,10,14,2,19,59,83,40,69,68,0,23,19,23,14,13
P1176,9,24,55,6,4,4,1,11,74,78,65,86,28,0,46,54,46,43,47
P1177,8,1,42,8,8,2,0,9,23,52,29,42,41,0,34,41,28,36,30
P1178,5,49,48,11,2,10,0,10,54,69,50,67,60,0,35,29,33,29,30
P1179,7,27,33,7,2,6,1,16,48,54,100,70,53,0,35,32,39,43,36
P1180,1,12,46,4,7,15,0,4,62,69,0,78,63,0,27,38,31,26,33
P1181,16,25,54,0,8,5,2,20,65,54,53,41,91,1,43,38,40,41,45
P1182,24,64,57,6,3,10,2,12,57,87,53,64,66,1,36,30,29,33,32
P1183,18,52,44,6,5,11,0,5,56,80,43,74,45,0,27,28,27,23,27
P1184,12,35,59,7,2,5,1,20,77,85,44,76,54,0,38,27,23,25,24
P1185,11,53,36,14,5,4,2,1,63,84,50,87,96,1,38,44,53,56,59
P1186,8,10,39,11,7,10,1,8,59,64,43,80,93,0,34,37,33,36,29
P1187,4,39,56,9,4,9,1,8,61,62,52,67,77,1,39,33,34,26,17
P1188,15,42,65,2,4,1,1,27,91,94,38,79,40,1,36,43,50,53,59
P1189,15,27,54,4,2,2,2,7,61,66,88,65,72,1,44,37,36,36,31
P1190,1,48,50,6,3,0,0,0,49,48,43,70,74,0,31,27,31,34,35
P1191,11,19,30,3,9,9,2,8,24,83,59,81,67,0,30,36,35,31,33
P1192,7,50,32,8,5,6,1,15,32,70,35,67,57,0,33,37,40,40,37
P1193,5,51,51,7,2,6,0,17,50,91,67,74,61,0,35,25,16,4,0
P1194,18,0,47,2,4,0,1,28,56,72,63,83,56,0,34,37,38,38,39
P1195,14,67,40,11,1,3,0,22,48,68,56,79,48,0,28,32,48,50,62
P1196,16,0,51,6,2,5,1,13,64,91,27,88,90,0,42,41,44,54,48
P1197,18,23,51,0,8,4,2,6,48,45,33,100,82,0,41,26,29,22,15
P1198,25,63,58,6,5,7,0,23,42,59,82,79,62,0,29,40,42,57,68
P1199,21,30,51,7,10,9,0,9,69,55,33,61,73,1,26,24,17,19,4
P1200,16,3,61,10,5,16,2,7,83,35,61,76,74,1,31,29,23,21,16
P1201,22,12,50,5,5,7,0,9,38,81,29,76,100,0,27,36,32,43,38
P1202,12,63,49,9,7,11,0,3,62,60,68,78,82,1,48,37,46,47,46
P1203,25,0,60,7,1,4,0,9,24,82,34,92,81,0,46,34,33,36,39
P1204,20,65,41,1,6,0,1,10,31,74,29,41,68,0,19,29,34,31,20
P1205,17,37,75,0,5,6,1,17,47,77,34,92,60,0,32,37,36,44,48
P1206,23,9,53,10,9,1,0,9,78,61,37,98,91,1,33,24,25,26,28
P1207,13,24,53,11,7,7,1,3,44,57,56,77,78,0,33,32,17,10,4
P1208,19,14,55,7,2,4,1,1,43,69,49,77,53,0,38,45,45,54,49
P1209,8,59,67,12,8,0,1,13,59,82,26,64,75,0,46,42,45,48,37
P1210,25,56,57,10,4,14,2,13,59,67,47,68,81,0,32,35,48,52,62
P1211,16,0,36,9,3,5,1,8,44,57,25,79,31,0,38,41,48,41,49
P1212,20,28,63,2,5,0,0,9,94,50,61,78,51,1,37,40,45,58,70
P1213,12,17,47,13,4,11,1,15,53,71,65,80,73,0,25,28,30,25,25
P1214,22,69,51,8,9,4,3,22,60,60,48,78,34,1,41,47,40,38,44
P1215,2,6,38,4,6,11,1,7,51,67,53,82,37,0,30,35,39,39,48
P1216,3,77,55,3,6,4,0,13,66,64,83,81,62,1,32,35,30,26,24
P1217,13,37,44,7,7,5,0,19,80,61,45,52,75,0,44,45,39,46,58
P1218,19,10,51,0,8,8,3,7,88,72,29,81,76,0,31,20,15,0,0
P1219,21,22,47,9,7,9,0,12,44,76,60,98,94,0,40,43,38,32,41
P1220,12,19,67,2,9,10,1,12,78,97,25,68,68,0,28,40,27,40,36
P1221,17,7,68,7,7,7,1,3,68,79,44,92,61,1,40,37,30,31,28
P1222,14,40,50,4,5,9,0,13,76,92,36,53,45,0,41,38,36,35,28
P1223,25,9,51,5,8,10,3,12,56,56,34,68,60,0,26,28,32,39,34
P1224,17,0,47,3,5,8,0,16,55,44,43,58,79,0,46,35,29,37,33
P1225,11,29,60,5,5,6,2,4,75,68,66,90,80,0,33,23,34,30,34
P1226,25,0,47,14,9,1,1,12,75,81,70,94,71,0,40,36,33,32,34
P1227,3,20,46,12,9,9,0,22,86,79,67,66,76,0,38,36,42,39,42
P1228,25,16,59,7,5,7,2,27,62,86,55,87,89,0,34,38,40,50,58
P1229,4,17,45,6,4,5,0,21,56,30,43,94,68,0,32,36,42,39,31
P1230,8,86,50,9,9,12,2,4,14,87,1,67,90,0,28,35,41,44,53
P1231,21,39,36,11,7,1,0,15,29,73,55,70,55,0,28,37,31,27,33
P1232,19,44,56,3,6,14,3,9,51,45,2,80,66,0,48,40,42,38,33
P1233,25,0,67,6,4,7,3,14,38,79,10,55,59,0,26,25,21,27,30
P1234,19,22,56,0,6,8,1,7,73,71,45,70,80,0,37,33,35,35,39
P1235,16,43,63,10,5,5,1,0,34,74,53,100,50,0,36,45,52,47,50
P1236,9,13,42,14,3,0,0,10,49,83,39,60,62,0,37,41,36,41,34
P1237,1,60,52,6,5,6,0,17,50,74,79,82,35,0,39,28,27,21,30
P1238,4,9,42,0,6,8,1,14,80,46,57,76,77,0,37,30,31,31,34
P1239,8,31,48,8,4,10,1,15,47,66,43,65,88,0,28,37,31,23,7
P1240,2,24,57,2,7,6,0,14,66,44,76,72,82,1,40,31,35,37,35
P1241,13,42,51,3,8,0,0,15,62,78,79,96,81,0,25,31,22,32,26
P1242,20,23,37,9,7,1,2,16,74,89,58,77,81,0,28,31,51,54,55
P1243,25,31,38,7,4,15,1,10,73,49,32,79,79,0,42,50,48,53,59
P1244,13,32,38,4,7,3,3,13,57,58,37,94,77,0,18,21,12,10,5
P1245,22,20,54,3,5,13,1,24,27,55,19,63,79,0,34,37,33,35,34
P1246,25,50,69,7,2,3,0,13,54,61,47,51,56,0,31,32,32,31,35
P1247,22,44,62,4,7,6,0,12,58,74,27,96,64,0,36,39,29,29,33
P1248,12,36,33,2,5,10,0,13,63,61,41,70,68,1,27,31,27,27,26
P1249,9,28,63,5,11,4,0,10,45,78,53,82,61,1,34,52,39,33,31
P1250,25,57,58,7,9,13,1,9,79,84,8,56,40,1,40,38,45,57,71
P1251,7,32,36,5,7,7,2,13,58,85,23,74,46,0,53,41,51,44,39
P1252,11,31,47,0,6,9,1,8,41,51,38,50,71,0,35,38,40,47,36
P1253,2,41,60,10,5,6,0,11,50,89,47,69,82,0,38,30,22,3,0
P1254,20,79,55,0,2,10,0,6,93,90,38,58,67,0,25,34,35,42,38
P1255,17,6,38,4,1,13,1,13,70,91,43,54,100,1,39,42,52,55,61
P1256,3,56,55,4,3,6,3,16,77,66,34,63,51,0,40,32,33,22,22
P1257,6,0,31,7,5,14,2,11,39,57,19,31,75,0,32,35,24,21,24
P1258,14,43,48,8,1,5,2,0,46,53,37,49,89,0,40,36,43,45,46
P1259,14,76,60,11,4,10,0,16,46,51,44,81,85,1,47,45,41,39,45
P1260,21,50,50,3,4,9,0,13,61,68,42,74,78,0,41,32,43,45,38
P1261,7,42,46,8,4,3,1,5,55,81,50,51,85,0,34,30,25,33,26
P1262,24,25,58,7,3,8,1,17,49,88,56,77,68,0,31,42,47,46,63
P1263,12,39,59,0,4,7,3,2,51,61,62,54,95,1,34,32,28,37,22
P1264,21,32,62,14,9,4,0,19,44,67,35,80,89,0,39,42,51,69,88
P1265,6,19,58,0,7,8,1,12,55,66,16,66,53,0,25,34,34,31,42
P1266,1,31,60,8,4,8,2,0,78,58,73,63,72,1,38,37,52,44,46
P1267,2,43,57,8,5,7,1,13,31,79,56,67,41,0,35,29,24,18,14
P1268,10,20,52,7,5,7,1,9,64,73,29,100,93,0,36,41,46,50,55
P1269,24,19,51,4,3,7,1,8,83,70,54,56,71,1,30,33,41,33,41
P1270,2,5,48,9,3,6,1,7,55,73,69,72,90,0,37,30,14,7,0
P1271,10,47,39,0,8,8,1,11,48,77,83,81,65,0,30,30,23,18,18
P1272,3,51,41,6,4,4,0,9,75,77,53,53,35,0,41,46,44,51,50
P1273,24,44,47,4,2,18,1,0,40,55,69,42,100,0,33,28,35,34,47
P1274,17,61,52,3,5,1,0,21,58,81,24,58,69,0,35,40,34,34,36
P1275,20,40,63,8,5,5,0,10,39,72,47,80,50,0,46,49,56,67,67
P1276,18,47,50,10,1,5,0,7,24,61,41,63,86,0,37,31,28,28,22
P1277,17,45,59,5,5,15,3,4,55,72,55,64,100,1,39,42,39,41,35
P1278,20,36,60,9,7,2,2,17,35,73,80,83,64,1,25,38,25,25,23
P1279,1,25,48,6,6,9,0,3,58,84,53,55,65,1,43,43,46,48,53
P1280,22,91,55,2,11,8,2,13,78,52,29,67,71,0,27,17,16,10,0
P1281,19,27,48,5,8,8,1,8,91,88,23,44,48,1,37,41,29,28,23
P1282,19,22,62,5,9,12,0,8,60,68,81,73,55,1,44,35,27,23,17
P1283,10,48,56,3,12,12,1,4,76,60,58,72,97,1,41,43,36,31,40
P1284,21,44,39,8,7,5,2,8,65,60,57,81,65,0,34,37,35,35,34
P1285,10,4,51,7,5,8,2,12,51,53,41,50,53,0,28,38,32,37,41
P1286,2,65,65,0,7,0,1,14,23,42,53,65,59,1,43,33,38,33,32
P1287,23,36,48,0,4,7,0,7,87,78,28,48,85,0,30,29,40,41,44
P1288,6,11,54,8,5,4,0,11,39,98,56,64,33,0,28,30,21,31,21
P1289,3,67,55,3,3,6,0,18,83,44,25,92,71,1,32,40,48,52,61
P1290,16,53,41,7,6,0,0,0,68,54,41,63,100,1,32,34,40,31,33
P1291,6,8,55,9,3,9,1,12,40,79,35,46,100,0,35,19,8,0,0
P1292,22,81,37,1,3,0,1,5,64,67,0,57,77,0,32,43,41,46,47
P1293,12,54,44,0,6,8,1,5,96,81,41,42,89,0,38,37,36,34,13
P1294,1,38,60,13,5,2,2,14,86,66,30,47,89,1,32,31,25,25,25
P1295,24,76,53,7,1,4,1,8,49,59,44,79,65,0,34,29,33,37,41
P1296,13,42,47,4,1,12,2,3,45,65,48,45,83,0,32,36,22,26,13
P1297,7,37,54,2,2,9,0,21,60,32,83,73,97,1,37,35,38,36,38
P1298,17,22,49,4,3,12,0,18,55,51,54,68,46,0,37,37,32,33,43
P1299,14,52,50,1,6,13,2,0,80,82,55,59,77,1,35,22,31,32,34
P1300,1,49,56,10,6,4,0,2,71,86,58,72,73,0,43,33,27,19,24
P1301,19,38,43,3,8,13,0,16,28,89,65,53,69,0,37,38,49,48,44
P1302,11,19,50,10,7,1,1,10,66,75,57,81,67,1,25,22,15,21,4
P1303,18,41,47,4,8,10,0,23,55,34,54,57,71,0,32,31,19,18,15
P1304,23,36,36,2,7,5,1,16,59,58,62,62,72,0,28,29,22,21,29
P1305,16,6,42,4,6,3,1,14,62,88,0,60,86,0,30,38,42,38,40
P1306,17,3,64,0,8,9,1,5,80,92,90,79,75,1,30,26,27,27,20
P1307,7,52,53,6,7,11,0,15,76,88,80,77,64,1,37,37,53,60,55
P1308,6,0,38,5,6,11,0,3,45,64,52,26,53,0,31,34,34,42,38
P1309,11,43,36,9,8,8,3,21,57,48,20,72,59,0,31,38,32,29,38
P1310,22,27,49,0,1,8,0,15,50,67,72,40,71,0,31,31,44,35,36
P1311,14,69,64,11,4,9,0,6,28,68,34,63,55,0,36,43,41,52,52
P1312,9,26,48,9,4,8,2,18,56,91,59,66,83,0,40,44,39,41,35
P1313,20,54,62,11,8,9,1,28,91,71,22,62,74,0,40,31,20,14,8
P1314,22,28,53,6,9,8,1,10,27,68,93,76,86,1,20,31,36,39,40
P1315,23,41,54,10,1,10,0,16,58,69,19,80,56,0,38,37,42,34,39
P1316,8,56,38,0,9,0,2,9,57,74,49,56,53,0,34,40,41,50,54
P1317,18,27,58,9,2,6,0,13,63,77,6,55,86,0,39,35,29,33,26
P1318,15,62,47,3,2,1,1,1,41,57,47,67,69,0,23,9,9,0,0
P1319,12,14,58,0,4,8,1,12,32,52,39,43,64,0,31,28,11,0,0
P1320,10,45,43,2,4,14,0,12,33,89,71,60,79,0,35,25,18,16,16
P1321,3,60,52,6,1,5,0,25,82,43,39,90,78,0,35,31,41,39,31
P1322,7,54,53,3,7,8,0,0,40,93,71,44,46,0,40,39,43,47,55
P1323,14,84,49,8,7,10,1,10,49,39,28,63,91,1,27,34,34,38,39
P1324,23,20,54,0,8,0,1,21,96,59,42,59,60,1,36,25,24,21,22
P1325,22,5,48,0,4,5,1,10,45,83,43,100,96,0,39,35,31,28,22
P1326,5,14,44,11,5,8,0,11,64,68,58,59,44,0,35,43,48,53,55
P1327,17,54,64,10,5,0,2,6,77,48,55,60,72,1,34,20,22,19,10
P1328,3,50,59,2,9,3,0,5,76,74,62,52,64,0,37,35,53,57,65
P1329,17,40,43,6,1,11,1,0,34,69,53,68,33,0,37,44,50,56,59
P1330,9,11,55,10,3,11,0,8,45,65,61,72,78,0,38,45,50,61,60
P1331,12,56,43,8,5,8,0,5,63,59,30,54,34,0,39,41,38,42,40
P1332,18,9,39,7,2,11,0,13,93,67,56,84,62,0,39,25,31,24,24
P1333,11,66,59,10,4,8,1,6,44,59,80,72,86,1,42,48,46,56,49
P1334,21,107,35,3,5,9,1,9,49,100,14,82,58,0,30,36,39,46,54
P1335,14,47,58,6,3,6,0,9,66,64,58,63,52,1,22,20,22,21,16
P1336,25,52,48,6,5,7,1,12,69,62,62,72,81,1,38,28,26,22,18
P1337,16,26,48,5,7,4,0,8,70,60,77,65,63,1,47,40,43,42,31
P1338,8,0,54,4,4,12,1,5,43,95,63,91,60,0,34,29,20,34,25
P1339,20,24,55,6,4,13,0,13,48,43,50,70,89,1,36,42,43,48,54
P1340,11,12,43,6,5,13,0,19,62,73,57,68,47,0,29,34,35,25,24
P1341,14,3,56,2,5,5,1,13,81,64,33,61,59,0,40,33,36,35,42
P1342,4,79,51,9,1,3,2,8,54,47,40,60,82,0,39,47,49,50,56
P1343,3,45,39,2,6,12,0,11,58,56,21,72,46,0,25,28,33,43,48
P1344,15,47,48,5,4,9,1,0,40,73,78,81,97,0,40,32,35,34,36
P1345,5,31,62,5,8,8,2,11,92,55,57,57,63,1,50,44,48,48,55
P1346,25,34,65,7,6,4,1,9,61,72,30,70,82,0,29,32,26,29,15
P1347,22,61,56,0,8,9,1,5,77,94,53,71,82,0,42,49,59,54,56
P1348,18,37,39,10,2,3,1,7,59,71,71,74,64,0,61,61,66,63,70
P1349,19,51,54,3,4,10,1,9,60,46,68,41,59,1,42,27,22,15,0
P1350,15,33,58,11,2,13,1,19,31,55,29,53,66,0,32,23,45,53,56
P1351,2,30,57,4,3,14,1,20,19,64,0,46,79,0,24,27,22,29,21
P1352,10,4,57,6,8,10,0,6,81,63,56,69,50,0,45,49,43,55,49
P1353,13,0,53,14,9,1,1,8,59,70,30,54,47,0,38,40,35,43,40
P1354,23,32,49,5,2,8,0,9,62,73,60,60,92,0,51,38,41,44,52
P1355,6,39,45,11,4,16,1,18,36,94,67,49,55,0,32,36,30,25,36
P1356,13,7,33,6,5,4,0,13,42,68,70,62,73,0,39,35,29,21,21
P1357,9,37,53,8,6,7,0,13,77,51,83,50,64,1,30,32,32,40,41
P1358,4,39,52,6,1,13,2,16,89,85,73,80,64,1,22,21,21,15,24
P1359,3,0,55,9,1,9,0,8,47,87,83,76,91,1,38,27,25,14,12
P1360,10,16,38,3,6,17,1,22,70,71,76,70,66,1,25,28,17,18,10
P1361,3,48,56,2,1,4,2,12,61,64,77,63,61,0,48,34,34,26,19
P1362,2,47,68,3,4,3,1,6,56,77,47,35,62,0,21,18,15,17,18
P1363,9,10,51,6,5,12,1,10,91,65,22,61,58,0,26,33,39,40,40
P1364,6,42,49,5,6,2,4,21,50,37,98,56,56,1,40,32,23,32,30
P1365,14,63,53,9,5,6,1,9,80,76,49,72,59,1,43,48,45,55,51
P1366,1,57,68,11,4,7,0,19,65,81,73,78,95,1,35,39,31,44,29
P1367,8,36,41,2,7,11,0,8,58,90,37,73,79,0,40,42,39,51,37
P1368,12,27,52,3,6,9,0,7,83,57,67,88,61,0,40,44,51,47,46
P1369,25,23,43,0,3,9,0,17,63,71,0,59,84,0,25,39,39,44,48
P1370,16,49,45,14,5,5,1,6,56,72,40,58,40,1,47,39,30,29,16
P1371,23,43,50,7,6,12,2,18,83,69,46,85,90,0,44,54,59,70,71
P1372,9,53,62,8,9,20,1,14,80,70,57,71,89,0,36,44,41,43,48
P1373,12,41,66,1,7,10,0,6,80,69,69,64,100,0,36,33,35,40,27
P1374,11,58,54,6,8,7,0,11,0,71,26,98,84,0,36,44,38,46,52
P1375,23,40,47,8,3,2,0,8,66,79,61,77,74,1,31,37,27,30,26
P1376,24,57,72,5,4,4,0,14,62,86,73,65,89,0,29,35,32,33,44
P1377,25,59,46,10,4,6,1,25,57,57,95,57,56,1,45,41,44,33,36
P1378,19,19,45,15,5,5,0,9,69,65,62,89,60,1,38,43,45,49,56
P1379,13,0,34,2,2,7,1,16,63,62,39,71,66,0,33,28,22,29,21
P1380,14,75,63,2,8,14,3,12,70,60,23,68,90,0,27,27,30,27,27
P1381,25,44,59,2,7,12,1,12,53,44,85,79,52,0,34,36,37,46,40
P1382,8,0,72,12,4,6,2,11,85,68,63,82,51,1,31,36,46,46,57
P1383,9,21,37,10,7,2,2,6,72,75,48,77,71,1,39,36,32,26,30
P1384,23,57,63,5,6,12,1,14,68,66,16,82,79,0,35,32,36,40,36
P1385,10,31,51,6,7,7,1,10,67,68,29,75,55,0,35,30,34,31,19
P1386,6,26,57,3,2,0,0,6,79,74,61,77,78,1,41,31,15,12,0
P1387,15,72,35,10,5,10,0,19,76,89,55,56,90,0,30,31,33,27,28
P1388,9,13,63,4,5,11,3,13,56,62,9,97,87,0,32,47,45,55,45
P1389,23,19,57,5,7,0,0,10,76,50,61,48,73,0,34,39,35,40,43
P1390,23,43,50,8,3,4,2,21,61,67,17,73,65,0,27,23,18,19,20
P1391,8,47,56,5,1,7,0,0,93,96,75,47,97,1,34,28,31,27,32
P1392,14,50,43,5,2,10,0,21,78,51,52,66,67,0,39,34,32,39,32
P1393,25,60,45,6,5,5,2,6,47,78,39,59,83,0,39,37,42,40,49
P1394,19,43,46,9,5,4,3,13,100,85,68,70,100,1,47,40,29,22,18
P1395,6,50,33,13,9,10,1,8,20,33,55,73,81,0,31,34,35,37,27
P1396,15,32,58,8,6,5,3,6,69,74,74,53,50,1,42,54,43,55,42
P1397,16,40,61,9,5,9,0,21,45,77,50,68,46,1,35,29,21,17,4
P1398,17,41,44,5,5,3,0,25,92,64,51,90,62,0,37,22,25,14,14
P1399,1,43,53,3,8,2,1,10,63,58,42,47,79,0,29,27,29,29,33
P1400,8,57,48,9,4,10,4,14,44,59,53,54,75,0,37,34,29,30,36
P1401,22,51,53,7,5,8,2,12,53,63,82,82,100,0,32,36,37,39,40
P1402,7,39,44,0,2,11,0,24,45,63,38,69,74,0,22,21,16,12,6
P1403,8,19,42,5,9,5,2,0,52,61,61,70,61,1,33,35,34,30,20
P1404,9,40,59,6,6,4,0,15,52,63,30,84,48,0,39,42,32,35,30
P1405,5,37,49,4,3,12,2,7,44,86,7,55,87,0,31,28,33,40,35
P1406,4,43,68,12,5,1,0,0,63,50,52,60,67,0,36,48,42,54,65
P1407,9,91,50,8,6,12,2,9,65,42,55,58,41,1,50,41,29,20,18
P1408,22,25,42,11,4,12,0,25,40,86,46,62,67,1,37,37,43,49,45
P1409,1,48,61,7,4,10,1,7,28,65,18,89,50,0,45,40,34,40,30
P1410,8,64,56,6,3,4,1,18,64,62,54,41,60,0,54,52,50,53,51
P1411,2,40,57,2,6,4,1,20,68,66,53,49,67,0,37,38,47,51,60
P1412,15,94,61,6,4,6,0,12,71,71,30,46,52,1,33,35,31,33,25
P1413,7,29,44,6,4,2,0,13,68,60,21,90,59,0,34,48,48,51,52
P1414,20,46,49,1,2,3,0,0,86,76,43,58,54,1,48,40,28,32,20
P1415,15,19,48,4,5,10,0,7,76,54,61,63,55,1,42,37,38,36,35
P1416,20,30,38,5,5,10,1,18,100,63,56,42,50,1,38,34,30,35,25
P1417,16,44,48,8,4,3,0,12,100,35,30,64,59,1,46,44,49,47,55
P1418,11,58,62,8,5,10,1,15,26,86,51,82,52,0,37,28,17,26,25
P1419,22,46,52,4,7,9,2,13,18,65,66,72,77,0,45,35,42,49,44
P1420,12,68,38,8,7,13,1,27,58,78,25,66,70,0,33,43,48,51,54
P1421,24,36,36,5,6,9,2,9,67,75,49,43,87,0,42,41,39,30,27
P1422,25,30,65,0,4,11,1,23,57,76,75,63,99,0,26,31,32,36,33
P1423,15,103,49,4,4,9,2,13,71,68,23,70,79,0,29,30,38,45,46
P1424,17,47,44,10,2,11,3,24,53,74,71,52,75,1,46,39,39,42,39
P1425,7,21,48,0,4,2,2,3,46,54,80,78,80,0,33,39,45,45,46
P1426,21,21,37,6,5,7,2,13,48,50,44,82,75,0,35,37,30,36,33
P1427,17,15,63,12,3,7,1,9,54,66,41,60,68,0,33,43,37,39,40
P1428,23,60,46,3,5,6,2,13,73,58,69,80,67,1,25,32,13,10,14
P1429,7,29,62,6,3,9,0,21,49,89,44,66,50,0,37,48,40,37,37
P1430,20,41,50,1,1,10,0,15,53,74,1,86,81,0,40,39,41,45,44
P1431,12,36,63,13,7,9,1,21,68,57,46,100,66,1,37,38,41,40,37
P1432,5,56,52,6,4,6,3,7,54,64,57,51,92,0,31,30,23,17,23
P1433,5,18,58,6,3,4,1,6,78,70,63,80,83,0,32,27,29,19,19
P1434,15,12,56,11,2,11,1,12,41,67,30,89,56,0,30,36,35,39,38
P1435,8,43,56,9,6,8,1,12,38,72,43,52,88,0,35,41,48,46,62
P1436,3,52,53,2,8,3,0,11,63,69,68,59,23,0,31,38,34,43,40
P1437,11,46,48,3,4,6,3,5,65,47,47,59,100,1,41,38,41,54,59
P1438,17,19,67,8,4,0,1,20,42,36,17,66,44,0,36,37,39,41,45
P1439,8,54,42,4,8,7,3,9,82,62,73,62,75,1,37,40,44,48,52
P1440,24,20,50,0,1,6,1,22,93,76,44,65,74,1,45,47,38,47,45
P1441,20,25,50,6,10,5,2,12,47,63,70,81,86,1,41,54,62,59,68
P1442,13,15,54,0,11,13,0,17,85,87,20,38,61,1,48,52,45,59,65
P1443,24,69,46,12,1,2,0,16,15,67,46,52,31,0,29,29,25,20,16
P1444,11,53,53,7,5,10,0,6,77,88,58,79,61,1,39,31,47,49,47
P1445,4,53,48,2,3,16,0,15,43,85,46,77,63,0,30,28,36,37,31
P1446,1,68,36,3,4,11,0,25,76,84,24,51,32,0,32,26,27,26,24
P1447,24,106,50,0,4,7,1,14,41,50,0,77,68,0,35,25,27,11,7
P1448,24,0,40,2,7,2,0,18,57,68,78,89,49,0,27,17,25,13,4
P1449,19,20,34,10,5,2,1,17,43,86,53,67,78,0,36,30,31,33,26
P1450,3,23,51,15,3,5,0,14,54,72,71,52,63,0,26,22,18,9,6
P1451,8,18,54,9,5,4,1,13,91,76,67,82,100,1,30,36,40,32,28
P1452,2,12,55,6,6,4,0,16,56,47,60,96,63,0,24,33,28,45,37
P1453,2,31,55,4,2,6,1,17,96,97,42,54,74,0,50,45,33,27,28
P1454,7,9,33,2,1,7,0,3,51,56,58,69,63,0,25,35,31,35,34
P1455,15,46,38,14,10,9,0,14,85,38,77,85,39,1,37,31,30,28,24
P1456,2,39,68,5,3,2,0,11,29,63,50,70,64,1,41,50,36,44,41
P1457,25,50,41,14,5,4,1,9,53,31,86,40,80,1,42,30,45,40,33
P1458,12,50,55,12,4,6,0,21,48,52,18,75,77,0,31,21,26,17,10
P1459,7,52,44,0,6,6,0,7,86,100,16,52,62,0,34,27,30,25,17
P1460,13,29,51,3,9,14,1,2,61,62,68,48,42,1,42,37,19,27,7
P1461,20,89,44,3,6,8,1,18,20,47,32,40,78,0,39,43,40,45,55
P1462,8,44,55,6,1,1,1,2,34,68,89,87,74,1,37,37,48,55,45
P1463,2,0,51,6,2,9,0,0,40,55,75,55,81,0,30,27,29,27,32
P1464,2,14,46,18,4,9,1,18,75,81,80,73,62,1,42,37,35,47,40
P1465,22,0,41,2,4,6,2,13,72,55,66,77,38,0,30,27,34,37,38
P1466,3,38,52,7,1,2,0,15,53,72,30,71,76,0,34,38,36,35,34
P1467,16,35,39,8,7,14,1,9,48,51,15,73,67,0,33,29,30,31,27
P1468,10,27,54,6,2,3,2,2,71,100,78,74,91,0,43,45,35,26,31
P1469,20,86,74,6,9,10,2,4,38,76,18,70,67,0,30,25,32,29,27
P1470,2,51,62,2,10,8,0,10,66,66,80,56,66,1,46,44,38,37,40
P1471,23,55,56,6,4,9,1,3,65,64,61,54,74,1,41,45,54,59,75
P1472,18,16,49,8,6,14,0,14,53,60,46,66,57,0,31,34,29,25,26
P1473,12,14,33,7,2,9,1,9,65,57,57,66,56,0,42,41,40,38,39
P1474,6,39,38,8,7,5,1,13,60,56,57,75,65,1,27,38,34,31,41
P1475,25,42,62,12,4,11,0,13,67,93,44,86,51,1,38,55,57,66,72
P1476,8,0,43,10,2,4,1,15,34,60,77,74,63,0,41,26,27,23,20
P1477,13,34,44,6,4,8,1,15,69,36,76,55,100,1,36,46,47,52,58
P1478,10,38,49,1,4,2,1,10,76,51,51,33,85,0,44,42,45,44,36
P1479,6,33,40,4,4,3,1,13,64,82,36,56,72,0,31,43,54,68,77
P1480,11,18,39,5,7,7,0,14,69,64,74,46,93,1,37,47,52,46,43
P1481,4,25,50,7,3,8,0,0,56,66,8,56,53,0,20,21,10,20,2
P1482,1,34,42,4,9,0,0,17,74,86,57,72,100,0,34,29,34,33,26
P1483,8,40,43,2,2,9,1,13,59,56,63,69,59,1,37,43,53,65,64
P1484,3,53,43,1,9,4,0,16,37,77,31,98,100,0,39,35,41,39,47
P1485,11,64,55,0,2,12,1,3,73,58,67,76,100,0,35,31,38,38,33
P1486,22,31,48,5,5,6,0,10,29,77,47,99,37,0,40,38,39,39,47
P1487,5,27,48,0,4,3,0,4,63,62,37,79,92,0,43,41,35,34,33
P1488,1,49,55,2,4,7,0,17,51,64,67,85,62,0,34,33,35,31,35
P1489,3,53,49,4,7,3,2,2,50,80,26,62,57,0,26,25,16,24,9
P1490,13,28,47,1,9,12,1,5,61,79,65,51,76,0,41,48,61,60,69
P1491,7,57,54,8,8,7,1,16,45,66,8,61,50,0,29,25,19,15,11
P1492,13,62,56,9,4,6,0,8,67,61,54,68,76,1,38,38,38,35,40
P1493,1,69,49,4,5,9,0,6,59,92,49,58,51,1,40,44,35,46,52
P1494,9,81,51,4,3,3,0,18,47,77,37,52,70,0,31,31,37,31,31
P1495,11,17,43,8,3,2,1,19,82,62,56,75,90,0,31,23,21,17,10
P1496,11,38,42,3,2,9,0,17,62,58,46,52,74,0,35,19,21,6,11
P1497,14,38,57,3,4,3,0,18,69,83,69,43,61,1,33,32,40,38,42
P1498,20,36,54,11,6,3,4,10,83,70,59,50,76,1,40,37,37,23,26
P1499,12,22,54,10,1,10,0,11,83,66,57,64,43,1,29,21,16,3,2
P1500,22,2,53,8,5,9,0,7,68,70,54,52,53,0,32,36,36,34,28
